Catalog Number,Calendar_Date,Year,Eclipse Time,Delta T (s),Lunation Number,Saros_Number,Eclipse Type,Quincena Solar Eclipse,Gamma,Penumbral Magnitude,Umbral Magnitude,Latitude,Longitude,Penumbral_Eclipse_Duration,Partial_Eclipse_Duration,Total_Eclipse_Duration
9420,1900 June 13,1900,03:27:37,-2,-1232,138,Nx,t-,1.0134,1.001,-0.004,22S,52W,261.9,-,-
9421,1900 December 6,1900,10:26:29,-1,-1226,143,N,a-,-1.1125,0.8183,-0.1851,21N,159W,233.7,-,-
9422,1901 May 3,1901,18:30:38,-1,-1221,110,Nx,#NAME?,-1.0101,1.0431,-0.0334,17S,81E,288.2,-,-
9423,1901 October 27,1901,15:15:18,0,-1215,115,P,#NAME?,0.9021,1.1841,0.2208,14N,127E,259.6,99.4,-
9424,1902 April 22,1902,18:52:40,0,-1209,120,T-,pp,-0.268,2.4002,1.3327,12S,76E,364.3,224.6,84.6
9425,1902 October 17,1902,06:03:26,1,-1203,125,T+,#NAME?,0.2201,2.4514,1.4566,9N,95W,330.4,212.3,88.8
9426,1903 April 12,1903,00:12:59,2,-1197,130,P,a-,0.4798,1.9877,0.9677,8S,3W,330.1,196.5,-
9427,1903 October 6,1903,15:17:33,2,-1191,135,P,t-,-0.528,1.9133,0.8654,4N,128E,337.5,193.7,-
9428,1904 March 2,1904,03:02:34,3,-1186,102,N,#NAME?,-1.4528,0.1748,-0.791,6N,43W,110.5,-,-
9429,1904 March 31,1904,12:32:28,3,-1185,140,N,a-,1.1665,0.7036,-0.2688,3S,173E,214.2,-,-
9430,1904 September 24,1904,17:34:44,3,-1179,145,N,t-,-1.2837,0.544,-0.5384,1S,95E,219.1,-,-
9431,1905 February 19,1905,19:00:02,4,-1174,112,P,#NAME?,-0.7984,1.3809,0.4049,11N,78E,277.2,132.1,-
9432,1905 August 15,1905,03:40:59,5,-1168,117,P,#NAME?,0.8456,1.3259,0.2871,14S,54W,302.3,123.1,-
9433,1906 February 9,1906,07:46:58,5,-1162,122,T-,#NAME?,-0.1199,2.6507,1.6254,15N,113W,342.8,219.4,97.8
9434,1906 August 4,1906,13:00:10,6,-1156,127,T+,pp,0.0477,2.7615,1.7793,17S,166E,333.9,218.7,101.2
9435,1907 January 29,1907,13:38:00,6,-1150,132,P,t-,0.6027,1.7936,0.711,19N,159E,341.1,183.5,-
9436,1907 July 25,1907,04:22:27,7,-1144,137,P,a-,-0.6924,1.5595,0.6149,21S,64W,284.5,156.8,-
9437,1908 January 18,1908,13:21:36,8,-1138,142,N,t-,1.2939,0.537,-0.5685,22N,162E,219.5,-,-
9438,1908 June 14,1908,14:06:32,8,-1133,109,N,#NAME?,1.1053,0.8135,-0.1541,22S,149E,229.9,-,-
9439,1908 July 13,1908,21:33:55,8,-1132,147,N,a-,-1.4185,0.2292,-0.7195,23S,38E,126.3,-,-
9440,1908 December 7,1908,21:55:09,9,-1127,114,Nx,#NAME?,-1.0059,1.0344,-0.0096,22N,29E,269.7,-,-
9441,1909 June 4,1909,01:28:51,10,-1121,119,T,#NAME?,0.3755,2.18,1.158,22S,23W,341.6,210.2,60.4
9442,1909 November 27,1909,08:54:41,10,-1115,124,T-,#NAME?,-0.2712,2.3544,1.366,21N,137W,322.8,206.5,81.2
9443,1910 May 24,1910,05:34:16,11,-1109,129,T,t-,-0.3975,2.1625,1.095,21S,85W,360.3,215.4,49.5
9444,1910 November 17,1910,00:20:52,12,-1103,134,T,p-,0.4089,2.0905,1.1246,19N,9W,307.7,193,50.6
9445,1911 May 13,1911,05:56:24,12,-1097,139,N,t-,-1.1413,0.7987,-0.2706,19S,90W,257,-,-
9446,1911 November 6,1911,15:36:45,13,-1091,144,N,a-,1.11,0.8154,-0.1733,17N,121E,230.6,-,-
9447,1912 April 1,1912,22:14:16,13,-1086,111,P,#NAME?,0.9116,1.1884,0.182,4S,28E,275.8,95.2,-
9448,1912 September 26,1912,11:44:50,14,-1080,116,P,#NAME?,-0.932,1.1779,0.1183,0N,178W,293.9,81.7,-
9449,1913 March 22,1913,11:57:49,15,-1074,121,T+,#NAME?,0.1671,2.534,1.5683,0S,178W,319.7,209.4,92.8
9450,1913 September 15,1913,12:48:19,15,-1068,126,T-,pp,-0.2109,2.5122,1.4304,3S,167E,373,230.5,93.5
9451,1914 March 12,1914,04:13:08,16,-1062,131,P,a-,-0.5254,1.8764,0.9111,3N,61W,301.5,181.5,-
9452,1914 September 4,1914,13:54:57,17,-1056,136,P,t-,0.5301,1.9127,0.8585,7S,151E,343.2,196,-
9453,1915 January 31,1915,04:57:42,17,-1051,103,N,#NAME?,1.545,0.0451,-0.9989,19N,70W,62,-,-
9454,1915 March 1,1915,18:19:32,17,-1050,141,N,a-,-1.2573,0.5548,-0.4528,7N,88E,199.8,-,-
9455,1915 July 26,1915,12:24:39,18,-1045,108,N,#NAME?,-1.3553,0.3545,-0.6129,21S,176E,158.7,-,-
9456,1915 August 24,1915,21:27:17,18,-1044,146,N,a-,1.2435,0.575,-0.4226,10S,38E,204.4,-,-
9457,1916 January 20,1916,08:39:41,18,-1039,113,P,#NAME?,0.9146,1.2277,0.1327,21N,127W,305.7,87.7,-
9458,1916 July 15,1916,04:46:07,19,-1033,118,P,#NAME?,-0.5956,1.7351,0.7944,22S,70W,292.4,172.5,-
9459,1917 January 8,1917,07:44:48,19,-1027,123,T+,pp,0.2415,2.4663,1.3642,23N,114W,373.1,227.3,87.6
9460,1917 July 4,1917,21:39:04,20,-1021,128,T+,pp,0.1419,2.5762,1.6185,23S,36E,322.9,212.8,96
9461,1917 December 28,1917,09:46:32,20,-1015,133,T,a-,-0.4484,2.0652,1.0056,23N,146W,343,202.3,12
9462,1918 June 24,1918,10:28:03,20,-1009,138,P,t-,0.9397,1.1376,0.1297,23S,157W,276.3,82.4,-
9463,1918 December 17,1918,19:06:01,21,-1003,143,N,a-,-1.1035,0.834,-0.1679,22N,73E,234.9,-,-
9464,1919 May 15,1919,01:14:00,21,-998,110,N,#NAME?,-1.082,0.9103,-0.1644,20S,20W,273.1,-,-
9465,1919 November 7,1919,23:44:28,21,-992,115,P,#NAME?,0.9246,1.1445,0.178,17N,0W,256.7,89.8,-
9466,1920 May 3,1920,01:51:08,21,-986,120,T,#NAME?,-0.3312,2.2818,1.2194,16S,29W,360.1,219.7,71.5
9467,1920 October 27,1920,14:11:38,22,-980,125,T+,#NAME?,0.2502,2.3992,1.3987,13N,143E,330.9,211.1,85
9468,1921 April 22,1921,07:44:39,22,-974,130,T,a-,0.4269,2.0816,1.0678,12S,116W,331.9,202,40.1
9469,1921 October 16,1921,22:53:59,22,-968,135,P,t-,-0.4902,1.9858,0.9317,9N,13E,342.1,199.1,-
9470,1922 March 13,1922,11:28:48,23,-963,102,N,#NAME?,-1.4752,0.132,-0.8304,2N,170W,96.3,-,-
9471,1922 April 11,1922,20:32:12,23,-962,140,N,a-,1.1228,0.7812,-0.1863,7S,53E,223.2,-,-
9472,1922 October 6,1922,00:43:50,23,-956,145,N,t-,-1.2348,0.6358,-0.4508,4N,13W,235.2,-,-
9473,1923 March 3,1923,03:32:09,23,-951,112,P,#NAME?,-0.8175,1.3453,0.3701,6N,50W,275.2,127.1,-
9474,1923 August 26,1923,10:39:52,23,-945,117,P,#NAME?,0.9133,1.2013,0.1634,10S,160W,290.8,94.2,-
9475,1924 February 20,1924,16:08:55,24,-939,122,T-,#NAME?,-0.1338,2.6256,1.5995,11N,121E,343.6,219.7,97.1
9476,1924 August 14,1924,20:20:30,24,-933,127,T+,pp,0.1175,2.6326,1.6519,14S,56E,332,216.9,98.2
9477,1925 February 8,1925,21:42:22,24,-927,132,P,t-,0.5921,1.8134,0.7304,15N,38E,342.9,185.7,-
9478,1925 August 4,1925,11:52:57,24,-921,137,P,a-,-0.6208,1.6909,0.7463,18S,177W,291.2,168.9,-
9479,1926 January 28,1926,21:20:24,24,-915,142,N,t-,1.2836,0.5551,-0.5488,19N,43E,222.6,-,-
9480,1926 June 25,1926,21:25:07,24,-910,109,N,#NAME?,1.1814,0.6749,-0.2948,22S,40E,213.1,-,-
9481,1926 July 25,1926,05:00:12,24,-909,147,N,a-,-1.3511,0.3542,-0.597,21S,73W,155.5,-,-
9482,1926 December 19,1926,06:20:07,24,-904,114,Nx,#NAME?,-1.0101,1.0257,-0.0163,22N,96W,268,-,-
9483,1927 June 15,1927,08:24:41,24,-898,119,T,#NAME?,0.4543,2.0365,1.0123,23S,126W,338.1,202.8,17.7
9484,1927 December 8,1927,17:35:10,24,-892,124,T,#NAME?,-0.2796,2.3389,1.351,22N,94E,321.8,205.6,79.8
9485,1928 June 3,1928,12:09:57,24,-886,129,T,tp,-0.3175,2.3092,1.2421,23S,177E,365.2,223,75.3
9486,1928 November 27,1928,09:01:47,24,-880,134,T,p-,0.3952,2.1166,1.1486,22N,139W,308.7,194.2,54.8
9487,1929 May 23,1929,12:37:45,24,-874,139,N,t-,-1.065,0.9367,-0.1287,21S,169E,273.7,-,-
9488,1929 November 17,1929,00:03:13,24,-868,144,N,a-,1.0947,0.846,-0.1474,20N,5W,235,-,-
9489,1930 April 13,1930,05:58:54,24,-863,111,P,#NAME?,0.9545,1.1066,0.1064,8S,89W,267.3,73.4,-
9490,1930 October 7,1930,19:07:10,24,-857,116,P,#NAME?,-0.9811,1.0906,0.0252,5N,71E,286.6,38.3,-
9491,1931 April 2,1931,20:07:55,24,-851,121,T+,#NAME?,0.2043,2.4637,1.5021,5S,59E,317.9,207.8,89.6
9492,1931 September 26,1931,19:48:29,24,-845,126,T-,pp,-0.2698,2.4058,1.3208,1N,61E,371.2,226.9,84.2
9493,1932 March 22,1932,12:32:39,24,-839,131,P,a-,-0.4956,1.9303,0.9666,1S,173E,303.8,185.3,-
9494,1932 September 14,1932,21:01:00,24,-833,136,P,t-,0.4664,2.0296,0.9752,3S,43E,347.2,204,-
9495,1933 February 10,1933,13:17:33,24,-828,103,N,#NAME?,1.56,0.0182,-1.027,16N,165E,39.6,-,-
9496,1933 March 12,1933,02:33:03,24,-827,141,N,a-,-1.2369,0.5923,-0.4154,2N,36W,206.3,-,-
9497,1933 August 5,1933,19:46:05,24,-822,108,N,#NAME?,-1.4216,0.2322,-0.7338,18S,66E,129.5,-,-
9498,1933 September 4,1933,04:52:20,24,-821,146,N,a-,1.1776,0.6955,-0.3013,6S,74W,221.4,-,-
9499,1934 January 30,1934,16:42:42,24,-816,113,P,#NAME?,0.9258,1.2073,0.112,18N,113E,304.3,80.9,-
9500,1934 July 26,1934,12:15:38,24,-810,118,P,#NAME?,-0.6681,1.6025,0.6612,20S,178E,285.7,160.8,-
9501,1935 January 19,1935,15:47:35,24,-804,123,T+,pp,0.2498,2.4502,1.3499,21N,126E,372.1,226.7,86.3
9502,1935 July 16,1935,05:00:05,24,-798,128,T+,pp,0.0672,2.7146,1.7542,21S,73W,325,214.8,99.6
9503,1936 January 8,1936,18:09:58,24,-792,133,T,a-,-0.4428,2.074,1.0173,22N,89E,342.1,202.5,20.8
9504,1936 July 4,1936,17:25:23,24,-786,138,P,t-,0.8642,1.2778,0.2668,22S,100E,289.5,116.3,-
9505,1936 December 28,1936,03:49:09,24,-780,143,N,a-,-1.097,0.8451,-0.155,22N,57W,235.5,-,-
9506,1937 May 25,1937,07:51:34,24,-775,110,N,#NAME?,-1.1581,0.7697,-0.3033,22S,119W,254.7,-,-
9507,1937 November 18,1937,08:19:26,24,-769,115,P,#NAME?,0.9421,1.1141,0.1443,20N,129W,254.5,81.3,-
9508,1938 May 14,1938,08:44:00,24,-763,120,T,#NAME?,-0.3994,2.154,1.0966,19S,132W,354.9,213.1,49.4
9509,1938 November 7,1938,22:26:42,24,-757,125,T,#NAME?,0.2738,2.3585,1.3525,17N,19E,331.5,210.2,81.4
9510,1939 May 3,1939,15:11:43,24,-751,130,T,a-,0.3693,2.1842,1.1765,15S,131E,333.5,207.1,62.4
9511,1939 October 28,1939,06:36:43,24,-745,135,P,t-,-0.4581,2.0477,0.9877,12N,103W,346.1,203.4,-
9512,1940 March 23,1940,19:48:19,24,-740,102,N,#NAME?,-1.5033,0.0788,-0.8803,3S,64E,74.6,-,-
9513,1940 April 22,1940,04:26:25,25,-739,140,N,a-,1.0741,0.8683,-0.0945,11S,67W,232.5,-,-
9514,1940 October 16,1940,08:01:17,25,-733,145,N,t-,-1.1924,0.7156,-0.3749,8N,124W,248,-,-
9515,1941 March 13,1941,11:55:47,25,-728,112,P,#NAME?,-0.8436,1.297,0.3226,2N,177W,272.2,119.8,-
9516,1941 September 5,1941,17:47:15,25,-722,117,P,#NAME?,0.9746,1.0884,0.0511,6S,93E,279.3,53.4,-
9517,1942 March 3,1942,00:21:54,25,-716,122,T-,#NAME?,-0.1545,2.5879,1.5612,7N,2W,344.3,219.7,95.9
9518,1942 August 26,1942,03:48:25,26,-710,127,T+,pp,0.1818,2.5142,1.5344,10S,57W,329.5,214.2,93.4
9519,1943 February 20,1943,05:38:23,26,-704,132,P,t-,0.5751,1.8444,0.7616,12N,81W,345.1,189,-
9520,1943 August 15,1943,19:28:46,26,-698,137,P,a-,-0.5533,1.8152,0.8697,15S,69E,296.7,178.4,-
9521,1944 February 9,1944,05:14:57,26,-692,142,N,t-,1.2698,0.5792,-0.5223,16N,75W,226.7,-,-
9522,1944 July 6,1944,04:40:01,27,-687,109,N,#NAME?,1.2596,0.5328,-0.4398,21S,69W,192.7,-,-
9523,1944 August 4,1944,12:26:51,27,-686,147,N,a-,-1.2842,0.4785,-0.4758,18S,175E,179.1,-,-
9524,1944 December 29,1944,14:49:35,27,-681,114,Nx,#NAME?,-1.0114,1.022,-0.0176,22N,138E,266.6,-,-
9525,1945 June 25,1945,15:14:22,27,-675,119,P,#NAME?,0.537,1.8862,0.8593,23S,132E,333.3,192.7,-
9526,1945 December 19,1945,02:20:47,27,-669,124,T,#NAME?,-0.2845,2.3293,1.3424,23N,36W,320.9,204.9,78.9
9527,1946 June 14,1946,18:39:17,28,-663,129,T-,pp,-0.2324,2.4654,1.3983,23S,80E,369.2,229,91.1
9528,1946 December 8,1946,17:48:28,28,-657,134,T,p-,0.3864,2.1337,1.1639,23N,91E,309.5,194.9,57.3
9529,1947 June 3,1947,19:15:44,28,-651,139,P,t-,-0.9849,1.0818,0.0202,23S,70E,288.9,34.7,-
9530,1947 November 28,1947,08:34:29,28,-645,144,N,a-,1.0838,0.8683,-0.1297,22N,132W,238.3,-,-
9531,1948 April 23,1948,13:39:18,28,-640,111,P,#NAME?,1.0016,1.0171,0.0229,12S,155E,257.6,34.3,-
9532,1948 October 18,1948,02:35:41,29,-634,116,Nx,#NAME?,-1.0245,1.014,-0.0572,9N,42W,279.7,-,-
9533,1949 April 13,1949,04:11:25,29,-628,121,T+,#NAME?,0.2474,2.3825,1.4251,9S,62W,315.8,205.7,84.9
9534,1949 October 7,1949,02:56:55,29,-622,126,T,#NAME?,-0.3219,2.3118,1.2236,5N,47W,369.2,222.9,72.8
9535,1950 April 2,1950,20:44:34,29,-616,131,T,a-,-0.4598,1.9951,1.0329,5S,50E,306.5,189.6,26.9
9536,1950 September 26,1950,04:17:11,29,-610,136,T,t-,0.4101,2.1331,1.0783,1N,66W,350.1,209.8,44.3
9537,1951 March 23,1951,10:37:33,30,-604,141,N,a-,-1.2099,0.6418,-0.3661,2S,158W,214.3,-,-
9538,1951 August 17,1951,03:14:39,30,-599,108,N,#NAME?,-1.4828,0.1195,-0.8456,15S,47W,93.6,-,-
9539,1951 September 15,1951,12:27:06,30,-598,146,N,a-,1.1186,0.8034,-0.1928,2S,172E,234.6,-,-
9540,1952 February 11,1952,00:39:48,30,-593,113,P,#NAME?,0.9416,1.1781,0.0832,15N,6W,301.9,70.1,-
9541,1952 August 5,1952,19:47:55,30,-587,118,P,#NAME?,-0.7383,1.4741,0.5317,18S,65E,278.4,147.2,-
9542,1953 January 29,1953,23:47:49,30,-581,123,T+,#NAME?,0.2606,2.4291,1.3314,18N,7E,371,225.8,84.5
9543,1953 July 26,1953,12:21:10,30,-575,128,T-,pp,-0.0071,2.8265,1.8628,19S,176E,326.5,215.7,100.7
9544,1954 January 19,1954,02:32:21,31,-569,133,T,a-,-0.4357,2.0853,1.0322,20N,35W,341.2,202.9,28.2
9545,1954 July 16,1954,00:20:51,31,-563,138,P,t-,0.7876,1.4202,0.4054,21S,4W,301.6,140.9,-
9546,1955 January 8,1955,12:33:20,31,-557,143,N,a-,-1.0906,0.8555,-0.1421,21N,173E,236,-,-
9547,1955 June 5,1955,14:23:23,31,-552,110,N,#NAME?,-1.2383,0.6218,-0.4498,24S,144E,232.3,-,-
9548,1955 November 29,1955,17:00:00,31,-546,115,P,#NAME?,0.9551,1.0917,0.119,22N,102E,253,74.2,-
9549,1956 May 24,1956,15:31:52,32,-540,120,P,#NAME?,-0.4726,2.0174,0.9647,21S,126E,348.5,204.5,-
9550,1956 November 18,1956,06:48:16,32,-534,125,T,#NAME?,0.2917,2.3285,1.3172,20N,106W,332.2,209.5,78.4
9551,1957 May 13,1957,22:31:28,32,-528,130,T,a-,0.3045,2.3001,1.2982,18S,21E,335,211.6,77.6
9552,1957 November 7,1957,14:27:30,32,-522,135,T,t-,-0.4332,2.0963,1.0305,16N,139E,349.3,206.5,27.9
9553,1958 April 4,1958,04:00:15,32,-517,102,Ne,#NAME?,-1.538,0.0135,-0.9422,7S,60W,31,-,-
9554,1958 May 3,1958,12:13:29,32,-516,140,P,a-,1.0188,0.9676,0.0092,15S,176E,242.2,21,-
9555,1958 October 27,1958,15:27:50,33,-510,145,N,t-,-1.157,0.7825,-0.3118,12N,124E,257.9,-,-
9556,1959 March 24,1959,20:11:57,33,-505,112,P,#NAME?,-0.8757,1.2379,0.2643,2S,58E,268.2,109.5,-
9557,1959 September 17,1959,01:03:37,33,-499,117,N,#NAME?,1.0296,0.9874,-0.0496,2S,17W,268,-,-
9558,1960 March 13,1960,08:28:21,33,-493,122,T-,#NAME?,-0.1799,2.5415,1.5145,3N,125W,344.8,219.4,94
9559,1960 September 5,1960,11:21:51,33,-487,127,T+,#NAME?,0.2422,2.4031,1.4239,6S,171W,326.7,210.8,86.7
9560,1961 March 2,1961,13:28:40,34,-481,132,P,t-,0.554,1.8828,0.8006,8N,161E,347.6,192.9,-
9561,1961 August 26,1961,03:08:51,34,-475,137,P,a-,-0.4894,1.933,0.9863,11S,46W,301.4,186,-
9562,1962 February 19,1962,13:03:42,34,-469,142,N,t-,1.2511,0.612,-0.4865,12N,168E,231.9,-,-
9563,1962 July 17,1962,11:54:49,34,-464,109,N,#NAME?,1.337,0.3924,-0.5835,20S,177W,168.3,-,-
9564,1962 August 15,1962,19:57:30,34,-463,147,N,a-,-1.221,0.5963,-0.3616,15S,62E,198.2,-,-
9565,1963 January 9,1963,23:19:42,35,-458,114,Nx,#NAME?,-1.0128,1.018,-0.0185,21N,12E,265.3,-,-
9566,1963 July 6,1963,22:02:59,35,-452,119,P,#NAME?,0.6197,1.736,0.706,22S,31E,327.2,179.9,-
9567,1963 December 30,1963,11:07:25,35,-446,124,T,#NAME?,-0.2889,2.3206,1.335,23N,166W,320,204.3,78.1
9568,1964 June 25,1964,01:06:50,35,-440,129,T-,pp,-0.1461,2.6238,1.5565,24S,16W,372.1,233.2,100.8
9569,1964 December 19,1964,02:37:54,36,-434,134,T,p-,0.3801,2.1461,1.1748,24N,40W,310.1,195.5,58.9
9570,1965 June 14,1965,01:49:26,36,-428,139,P,t-,-0.9005,1.2351,0.1767,24S,27W,302.7,100.3,-
9571,1965 December 8,1965,17:10:32,36,-422,144,N,a-,1.0774,0.882,-0.1201,24N,100E,240.7,-,-
9572,1966 May 4,1966,21:12:06,37,-417,111,N,#NAME?,1.0553,0.9157,-0.0728,15S,42E,246,-,-
9573,1966 October 29,1966,10:12:53,37,-411,116,N,#NAME?,-1.0599,0.9517,-0.1249,12N,157W,273.7,-,-
9574,1967 April 24,1967,12:07:04,38,-405,121,T,#NAME?,0.2972,2.2892,1.3356,12S,178E,313.3,202.8,77.9
9575,1967 October 18,1967,10:15:48,38,-399,126,T,#NAME?,-0.3653,2.2337,1.1426,9N,157W,367.1,218.9,59.8
9576,1968 April 13,1968,04:48:01,39,-393,131,T,p-,-0.4173,2.0725,1.1116,9S,72W,309.5,194.1,48.5
9577,1968 October 6,1968,11:42:35,39,-387,136,T,t-,0.3605,2.2242,1.1691,6N,179W,352,213.9,63
9578,1969 April 2,1969,18:33:06,39,-381,141,N,a-,-1.1764,0.7033,-0.3047,6S,82E,223.7,-,-
9579,1969 August 27,1969,10:48:15,40,-376,108,Ne,#NAME?,-1.5407,0.0131,-0.9516,11S,161W,31.3,-,-
9580,1969 September 25,1969,20:10:19,40,-375,146,N,a-,1.0655,0.9007,-0.0953,2N,55E,245.1,-,-
9581,1970 February 21,1970,08:30:43,40,-370,113,P,#NAME?,0.9619,1.1402,0.0463,11N,124W,298.5,52.7,-
9582,1970 August 17,1970,03:24:06,41,-364,118,P,#NAME?,-0.8053,1.3521,0.4079,14S,49W,270.6,131.3,-
9583,1971 February 10,1971,07:45:21,41,-358,123,T,#NAME?,0.2741,2.4026,1.3082,15N,112W,369.5,224.7,82.2
9584,1971 August 6,1971,19:43:52,42,-352,128,T-,pp,-0.0794,2.6958,1.7283,17S,66E,327.3,215.5,99.4
9585,1972 January 30,1972,10:54:05,42,-346,133,T,a-,-0.4273,2.0987,1.0497,17N,160W,340.3,203.4,34.8
9586,1972 July 26,1972,07:16:22,43,-340,138,P,t-,0.7116,1.5618,0.5427,19S,108W,312.4,160.1,-
9587,1973 January 18,1973,21:17:58,43,-334,143,N,a-,-1.0844,0.8655,-0.1293,19N,43E,236.5,-,-
9588,1973 June 15,1973,20:50:41,44,-329,110,N,#NAME?,-1.3216,0.4685,-0.602,25S,48E,204.6,-,-
9589,1973 July 15,1973,11:39:19,44,-328,148,Nb,t-,1.5177,0.1046,-0.9581,20S,174W,99.1,-,-
9590,1973 December 10,1973,01:45:06,44,-323,115,P,#NAME?,0.9644,1.076,0.1007,24N,28W,252,68.5,-
9591,1974 June 4,1974,22:16:44,45,-317,120,P,#NAME?,-0.5488,1.8752,0.8269,23S,26E,341,193.6,-
9592,1974 November 29,1974,15:14:07,45,-311,125,T,#NAME?,0.3054,2.3057,1.2896,22N,129E,333.1,208.9,75.7
9593,1975 May 25,1975,05:48:47,46,-305,130,T+,p-,0.2367,2.4218,1.4253,21S,88W,335.9,215.2,88.3
9594,1975 November 18,1975,22:24:12,46,-299,135,T,p-,-0.4134,2.1352,1.0642,19N,20E,352.1,209,40.2
9595,1976 May 13,1976,19:55:08,47,-293,140,P,a-,0.9585,1.0761,0.1217,18S,61E,251.8,75.4,-
9596,1976 November 6,1976,23:01:59,47,-287,145,N,t-,-1.1275,0.8383,-0.2594,15N,11E,265.8,-,-
9597,1977 April 4,1977,04:19:04,48,-282,112,P,#NAME?,-0.9148,1.1657,0.1928,7S,64W,262.9,94.7,-
9598,1977 September 27,1977,08:30:08,48,-276,117,N,#NAME?,1.0768,0.9007,-0.1361,3N,130W,257.5,-,-
9599,1978 March 24,1978,16:23:11,49,-270,122,T-,#NAME?,-0.214,2.479,1.4518,2S,116E,344.9,218.5,90.7
9600,1978 September 16,1978,19:05:01,49,-264,127,T,#NAME?,0.2951,2.306,1.3268,2S,73E,323.8,207.2,78.6
9601,1979 March 13,1979,21:08:52,50,-258,132,P,t-,0.5253,1.935,0.8538,3N,46E,350.6,197.7,-
9602,1979 September 6,1979,10:55:02,50,-252,137,T,a-,-0.4305,2.0421,1.0936,7S,164W,305.1,191.9,44.4
9603,1980 March 1,1980,20:46:03,51,-246,142,N,t-,1.2269,0.6545,-0.4405,8N,52E,238.5,-,-
9604,1980 July 27,1980,19:08:59,51,-241,109,N,#NAME?,1.4138,0.2535,-0.7264,18S,74E,137.5,-,-
9605,1980 August 26,1980,03:31:20,51,-240,147,N,a-,-1.1608,0.7089,-0.2531,12S,52W,214.4,-,-
9606,1981 January 20,1981,07:50:48,51,-235,114,Nx,#NAME?,-1.0141,1.0136,-0.0192,19N,115W,263.8,-,-
9607,1981 July 17,1981,04:47:40,52,-229,119,P,#NAME?,0.7045,1.5822,0.5486,21S,70W,319.6,163.2,-
9608,1982 January 9,1982,19:56:44,52,-223,124,T,#NAME?,-0.2916,2.3147,1.331,22N,63E,319.1,203.8,77.7
9609,1982 July 6,1982,07:31:47,53,-217,129,T-,pp,-0.0579,2.786,1.7179,23S,112W,373.8,235.6,105.7
9610,1982 December 30,1982,11:29:37,53,-211,134,T,p-,0.3758,2.1545,1.1822,24N,172W,310.6,195.9,60
9611,1983 June 25,1983,08:23:11,53,-205,139,P,t-,-0.8151,1.3901,0.3348,24S,125W,314.7,134.6,-
9612,1983 December 20,1983,01:49:57,54,-199,144,N,a-,1.0746,0.889,-0.1167,24N,28W,242.3,-,-
9613,1984 May 15,1984,04:41:03,54,-194,111,N,#NAME?,1.113,0.8071,-0.176,18S,71W,232.5,-,-
9614,1984 June 13,1984,14:26:39,54,-193,149,Nb,a-,-1.5239,0.0647,-0.9414,25S,143E,73,-,-
9615,1984 November 8,1984,17:56:08,54,-188,116,N,#NAME?,-1.0899,0.8992,-0.1825,16N,88E,268.4,-,-
9616,1985 May 4,1985,19:57:19,55,-182,121,T,#NAME?,0.3519,2.187,1.2369,16S,60E,310.2,198.9,67.7
9617,1985 October 28,1985,17:43:17,55,-176,126,T,#NAME?,-0.4022,2.1673,1.0736,13N,91E,365.1,214.9,43.9
9618,1986 April 24,1986,12:43:30,55,-170,131,T,p-,-0.3682,2.162,1.2022,13S,169E,312.6,198.8,63.6
9619,1986 October 17,1986,19:18:54,55,-164,136,T,h-,0.3188,2.3008,1.2455,10N,67E,353.2,216.8,73.7
9620,1987 April 14,1987,02:19:50,55,-158,141,N,h-,-1.1364,0.7769,-0.2313,10S,35W,234.1,-,-
9621,1987 October 7,1987,04:02:30,56,-152,146,N,a-,1.0189,0.9863,-0.0096,6N,64W,253.5,-,-
9622,1988 March 3,1988,16:13:41,56,-147,113,Nx,#NAME?,0.9885,1.0907,-0.0017,7N,120E,293.8,-,-
9623,1988 August 27,1988,11:05:29,56,-141,118,P,#NAME?,-0.8681,1.238,0.2915,11S,165W,262.5,113,-
9624,1989 February 20,1989,15:36:18,56,-135,123,T,#NAME?,0.2934,2.3651,1.2747,11N,130E,367.7,223.1,78.5
9625,1989 August 17,1989,03:09:07,57,-129,128,T-,#NAME?,-0.149,2.5703,1.5984,14S,46W,327.5,214.3,95.8
9626,1990 February 9,1990,19:12:02,57,-123,133,T,a-,-0.4148,2.1191,1.075,14N,76E,339.6,204.3,42.3
9627,1990 August 6,1990,14:13:16,57,-117,138,P,t-,0.6374,1.7005,0.6766,16S,148E,322,175.5,-
9628,1991 January 30,1991,05:59:38,58,-111,143,N,a-,-1.0752,0.8807,-0.1106,17N,87W,237.5,-,-
9629,1991 June 27,1991,03:15:41,58,-106,110,N,#NAME?,-1.4063,0.3126,-0.7572,25S,48W,169.5,-,-
9630,1991 July 26,1991,18:08:50,58,-105,148,N,t-,1.4369,0.2542,-0.811,18S,89E,152.7,-,-
9631,1991 December 21,1991,10:34:00,58,-100,115,P,#NAME?,0.9709,1.0651,0.0876,24N,159W,251.5,64.1,-
9632,1992 June 15,1992,04:57:57,59,-94,120,P,#NAME?,-0.6288,1.7264,0.6822,24S,74W,332.2,179.8,-
9633,1992 December 9,1992,23:45:05,59,-88,125,T,#NAME?,0.3144,2.2915,1.2709,23N,2E,334.1,208.7,73.9
9634,1993 June 4,1993,13:01:26,59,-82,130,T+,p-,0.1638,2.5532,1.5617,22S,164E,336.3,217.8,95.8
9635,1993 November 29,1993,06:27:06,60,-76,135,T,p-,-0.3994,2.1633,1.0876,21N,99W,354.4,210.8,46.7
9636,1994 May 25,1994,03:31:20,60,-70,140,P,a-,0.8933,1.1941,0.2432,20S,53W,261.2,104.6,-
9637,1994 November 18,1994,06:44:54,61,-64,145,N,t-,-1.1047,0.8815,-0.2189,18N,105W,271.6,-,-
9638,1995 April 15,1995,12:19:04,61,-59,112,P,#NAME?,-0.9593,1.0836,0.1114,11S,175E,256.3,73,-
9639,1995 October 8,1995,16:05:12,61,-53,117,N,#NAME?,1.1179,0.8252,-0.2115,7N,116E,247.6,-,-
9640,1996 April 4,1996,00:10:47,62,-47,122,T-,#NAME?,-0.2534,2.4068,1.3795,6S,2W,344.7,217.1,85.8
9641,1996 September 27,1996,02:55:24,62,-41,127,T,#NAME?,0.3426,2.2188,1.2395,2N,46W,320.9,203.3,69.2
9642,1997 March 24,1997,04:40:28,62,-35,132,P,t-,0.4899,1.9994,0.9195,1S,68W,353.9,203.1,-
9643,1997 September 16,1997,18:47:42,63,-29,137,T,p-,-0.3768,2.1417,1.1909,3S,77E,308.2,196.4,61.5
9644,1998 March 13,1998,04:21:08,63,-23,142,N,t-,1.1964,0.7086,-0.3824,4N,62W,246.4,-,-
9645,1998 August 8,1998,02:25:57,63,-18,109,N,#NAME?,1.4875,0.1206,-0.8637,15S,35W,96.4,-,-
9646,1998 September 6,1998,11:11:11,63,-17,147,N,a-,-1.1057,0.8121,-0.1544,7S,168W,227.8,-,-
9647,1999 January 31,1999,16:18:35,63,-12,114,Nx,#NAME?,-1.0189,1.0027,-0.0258,16N,119E,261.7,-,-
9648,1999 July 28,1999,11:34:46,64,-6,119,P,#NAME?,0.7862,1.4342,0.3966,18S,172W,310.9,142.5,-
9649,2000 January 21,2000,04:44:34,64,0,124,T,#NAME?,-0.2957,2.306,1.3246,20N,68W,318.2,203.3,77
9650,2000 July 16,2000,13:56:39,64,6,129,T+,pp,0.0302,2.8375,1.7684,21S,153E,374.4,236,106.4
9651,2001 January 9,2001,20:21:40,64,12,134,T,p-,0.372,2.1618,1.1889,22N,57E,311,196.3,61
9652,2001 July 5,2001,14:56:23,64,18,139,P,t-,-0.7287,1.5475,0.4947,23S,137E,325.1,159.3,-
9653,2001 December 30,2001,10:30:22,64,24,144,N,a-,1.0731,0.8933,-0.1155,24N,157W,243.5,-,-
9654,2002 May 26,2002,12:04:26,64,29,111,N,#NAME?,1.1758,0.6893,-0.2888,20S,179E,216.6,-,-
9655,2002 June 24,2002,21:28:13,64,30,149,N,a-,-1.4439,0.2095,-0.7925,25S,39E,129.1,-,-
9656,2002 November 20,2002,01:47:40,64,35,116,N,#NAME?,-1.1126,0.86,-0.2264,19N,30W,264.3,-,-
9657,2003 May 16,2003,03:41:13,64,41,121,T,#NAME?,0.4123,2.0747,1.1276,19S,56W,306.5,193.9,51.4
9658,2003 November 9,2003,01:19:38,64,47,126,T,#NAME?,-0.4319,2.1139,1.0178,16N,24W,363.2,211.4,22
9659,2004 May 4,2004,20:31:17,65,53,131,T,p-,-0.3132,2.2627,1.3035,17S,51E,315.7,203.2,75.5
9660,2004 October 28,2004,03:05:11,65,59,136,T,p-,0.2846,2.3637,1.3081,13N,50W,353.8,218.7,80.5
9661,2005 April 24,2005,09:55:55,65,65,141,N,h-,-1.0885,0.865,-0.1436,14S,150W,245.6,-,-
9662,2005 October 17,2005,12:04:27,65,71,146,P,a-,0.9796,1.0585,0.0625,10N,175E,259.8,56,-
9663,2006 March 14,2006,23:48:34,65,76,113,Nx,#NAME?,1.021,1.03,-0.0604,3N,6E,287.5,-,-
9664,2006 September 7,2006,18:52:25,65,82,118,P,#NAME?,-0.9262,1.1329,0.1837,7S,77E,254.4,91.1,-
9665,2007 March 3,2007,23:21:59,65,88,123,T,#NAME?,0.3175,2.3188,1.2328,7N,13E,365.4,221.1,73.4
9666,2007 August 28,2007,10:38:27,66,94,128,T-,#NAME?,-0.2145,2.4526,1.4758,10S,159W,327.3,212.2,90
9667,2008 February 21,2008,03:27:09,66,100,133,T,a-,-0.3992,2.1451,1.1062,10N,48W,339,205.4,49.8
9668,2008 August 16,2008,21:11:12,66,106,138,P,t-,0.5646,1.8366,0.8076,13S,43E,330.5,188.1,-
9669,2009 February 9,2009,14:39:22,66,112,143,N,a-,-1.064,0.8994,-0.0882,14N,144E,238.8,-,-
9670,2009 July 7,2009,09:39:43,66,117,110,N,#NAME?,-1.4915,0.1562,-0.9133,24S,143W,121.5,-,-
9671,2009 August 6,2009,00:40:18,66,118,148,N,t-,1.3572,0.4019,-0.6661,16S,9W,189.8,-,-
9672,2009 December 31,2009,19:23:46,67,123,115,P,#NAME?,0.9765,1.0556,0.0763,24N,70E,251.1,60,-
9673,2010 June 26,2010,11:39:34,67,129,120,P,#NAME?,-0.7091,1.5773,0.5368,24S,174W,322.1,162.9,-
9674,2010 December 21,2010,08:18:04,67,135,125,T,#NAME?,0.3214,2.2807,1.2561,24N,125W,335.1,208.7,72.3
9675,2011 June 15,2011,20:13:43,67,141,130,T+,pp,0.0897,2.6868,1.6999,23S,57E,336.1,219.3,100.2
9676,2011 December 10,2011,14:32:56,68,147,135,T,p-,-0.3882,2.186,1.1061,23N,140E,356.4,212.2,51.1
9677,2012 June 4,2012,11:04:20,68,153,140,P,a-,0.8247,1.3183,0.3704,22S,166W,270,126.6,-
9678,2012 November 28,2012,14:34:07,68,159,145,N,t-,-1.0869,0.9155,-0.1873,20N,139E,276,-,-
9679,2013 April 25,2013,20:08:38,68,164,112,P,#NAME?,-1.0121,0.9866,0.0148,14S,57E,247.7,27,-
9680,2013 May 25,2013,04:11:06,68,165,150,Nb,a-,1.535,0.0157,-0.9335,19S,63W,33.6,-,-
9681,2013 October 18,2013,23:51:25,68,170,117,N,#NAME?,1.1508,0.7649,-0.2718,11N,2W,239.1,-,-
9682,2014 April 15,2014,07:46:48,69,176,122,T,#NAME?,-0.3017,2.3182,1.2907,10S,116W,343.9,214.7,77.8
9683,2014 October 8,2014,10:55:44,69,182,127,T,#NAME?,0.3826,2.1456,1.1659,6N,167W,318.1,199.5,58.8
9684,2015 April 4,2015,12:01:24,69,188,132,T,t-,0.446,2.0792,1.0008,5S,179W,357.5,209,4.7
9685,2015 September 28,2015,02:48:17,69,194,137,T,p-,-0.3296,2.2296,1.2764,2N,44W,310.7,199.9,71.9
9686,2016 March 23,2016,11:48:21,70,200,142,N,t-,1.1591,0.7747,-0.3118,0S,175W,255.4,-,-
9687,2016 September 16,2016,18:55:27,70,206,147,N,a-,-1.0548,0.908,-0.0635,3S,75E,239.3,-,-
9688,2017 February 11,2017,00:45:03,70,211,114,N,#NAME?,-1.0254,0.9884,-0.0354,13N,8W,259.2,-,-
9689,2017 August 7,2017,18:21:38,70,217,119,P,#NAME?,0.8668,1.2886,0.2464,15S,86E,300.9,115.2,-
9690,2018 January 31,2018,13:31:00,71,223,124,T,#NAME?,-0.3014,2.2941,1.3155,17N,161E,317.2,202.7,76.1
9691,2018 July 27,2018,20:22:54,71,229,129,T+,pp,0.1168,2.6792,1.6087,19S,56E,373.8,234.5,103
9692,2019 January 21,2019,05:13:27,71,235,134,T,p-,0.3684,2.1684,1.1953,20N,75W,311.5,196.8,62
9693,2019 July 16,2019,21:31:55,71,241,139,P,t-,-0.643,1.7037,0.6531,22S,39E,333.7,177.9,-
9694,2020 January 10,2020,19:11:11,72,247,144,N,a-,1.0726,0.8956,-0.116,23N,74E,244.6,-,-
9695,2020 June 5,2020,19:26:14,72,252,111,N,#NAME?,1.2406,0.5683,-0.4053,21S,69E,198.2,-,-
9696,2020 July 5,2020,04:31:12,72,253,149,N,a-,-1.3638,0.3546,-0.6436,24S,66W,165,-,-
9697,2020 November 30,2020,09:44:01,72,258,116,N,#NAME?,-1.1309,0.8285,-0.262,21N,148W,261,-,-
9698,2021 May 26,2021,11:19:53,72,264,121,T,#NAME?,0.4774,1.954,1.0095,21S,170W,302,187.4,14.5
9699,2021 November 19,2021,09:04:06,73,270,126,P,#NAME?,-0.4552,2.072,0.9742,19N,139W,361.5,208.4,-
9700,2022 May 16,2022,04:12:42,73,276,131,T-,p-,-0.2532,2.3726,1.4137,19S,64W,318.7,207.2,84.9
9701,2022 November 8,2022,11:00:22,73,282,136,T+,p-,0.257,2.4143,1.3589,17N,169W,353.9,219.8,85
9702,2023 May 5,2023,17:24:05,73,288,141,N,h-,-1.0349,0.9636,-0.0457,17S,98E,257.5,-,-
9703,2023 October 28,2023,20:15:18,74,294,146,P,a-,0.9471,1.1181,0.122,14N,52E,264.6,77.4,-
9704,2024 March 25,2024,07:13:59,74,299,113,N,#NAME?,1.0609,0.9557,-0.1325,1S,106W,279.1,-,-
9705,2024 September 18,2024,02:45:25,74,305,118,P,#NAME?,-0.9792,1.0372,0.0848,3S,42W,246.3,62.8,-
9706,2025 March 14,2025,06:59:56,75,311,123,T,#NAME?,0.3484,2.2595,1.1784,3N,102W,362.6,218.3,65.4
9707,2025 September 7,2025,18:12:58,75,317,128,T,#NAME?,-0.2752,2.344,1.3619,6S,87E,326.7,209.4,82.1
9708,2026 March 3,2026,11:34:52,75,323,133,T,a-,-0.3765,2.1838,1.1507,6N,171W,338.6,207.2,58.3
9709,2026 August 28,2026,04:14:04,75,329,138,P,t-,0.4964,1.9645,0.9299,9S,63W,337.8,198.1,-
9710,2027 February 20,2027,23:14:06,76,335,143,N,a-,-1.048,0.9266,-0.0569,10N,15E,241,-,-
9711,2027 July 18,2027,16:04:09,76,340,110,Ne,#NAME?,-1.5758,0.0014,-1.068,22S,121E,11.8,-,-
9712,2027 August 17,2027,07:14:59,76,341,148,N,t-,1.2797,0.5456,-0.5254,12S,108W,218.6,-,-
9713,2028 January 12,2028,04:14:13,76,346,115,P,#NAME?,0.9817,1.0468,0.0662,23N,61W,250.7,56,-
9714,2028 July 6,2028,18:20:57,77,352,120,P,#NAME?,-0.7903,1.4266,0.3892,23S,86E,310.6,141.5,-
9715,2028 December 31,2028,16:53:15,77,358,125,T,#NAME?,0.3258,2.2742,1.2463,23N,108E,336.2,208.8,71.3
9716,2029 June 26,2029,03:23:22,77,364,130,T+,pp,0.0124,2.8266,1.8436,23S,50W,335.1,219.5,101.9
9717,2029 December 20,2029,22:43:12,78,370,135,T,p-,-0.3811,2.2008,1.1174,23N,19E,358,213.3,53.7
9718,2030 June 15,2030,18:34:34,78,376,140,P,a-,0.7534,1.448,0.5025,23S,82E,278.2,144.4,-
9719,2030 December 9,2030,22:28:51,78,382,145,N,t-,-1.0731,0.9416,-0.1628,22N,21E,279.2,-,-
9720,2031 May 7,2031,03:52:02,78,387,112,N,#NAME?,-1.0694,0.8814,-0.0904,18S,59W,237.3,-,-
9721,2031 June 5,2031,11:45:17,78,388,150,N,a-,1.4731,0.1292,-0.8199,21S,176W,95.6,-,-
9722,2031 October 30,2031,07:46:45,79,393,117,N,#NAME?,1.1773,0.7161,-0.3204,15N,121W,231.8,-,-
9723,2032 April 25,2032,15:14:51,79,399,122,T,#NAME?,-0.3558,2.2192,1.1913,14S,131E,342.4,211.2,65.5
9724,2032 October 18,2032,19:03:40,79,405,127,T,#NAME?,0.4169,2.083,1.1028,10N,71E,315.4,195.9,47.1
9725,2033 April 14,2033,19:13:51,80,411,132,T,t-,0.3954,2.1711,1.0944,9S,72E,361.2,215,49.2
9726,2033 October 8,2033,10:56:23,80,417,137,T,p-,-0.2889,2.3057,1.3497,6N,167W,312.6,202.4,78.8
9727,2034 April 3,2034,19:06:59,80,423,142,N,t-,1.1144,0.8545,-0.2274,5S,75E,265.4,-,-
9728,2034 September 28,2034,02:47:37,81,429,147,P,a-,-1.011,0.9911,0.0144,1N,44W,248.7,26.7,-
9729,2035 February 22,2035,09:06:12,81,434,114,N,#NAME?,-1.0367,0.9652,-0.0535,9N,133W,255.7,-,-
9730,2035 August 19,2035,01:12:15,81,440,119,P,#NAME?,0.9433,1.1507,0.1037,12S,17W,289.8,76.5,-
9731,2036 February 11,2036,22:13:06,82,446,124,T,#NAME?,-0.311,2.2751,1.2995,14N,31E,316.1,201.9,74.5
9732,2036 August 7,2036,02:52:32,82,452,129,T+,pp,0.2004,2.5266,1.4544,16S,41W,372.1,231.3,95.3
9733,2037 January 31,2037,14:01:38,82,458,134,T,p-,0.3619,2.1803,1.2074,18N,153E,312.1,197.5,63.7
9734,2037 July 27,2037,04:09:53,83,464,139,P,t-,-0.5582,1.8584,0.8095,20S,60W,340.8,192.4,-
9735,2038 January 21,2038,03:49:52,83,470,144,N,a-,1.071,0.8996,-0.114,21N,54W,245.8,-,-
9736,2038 June 17,2038,02:45:02,83,475,111,N,#NAME?,1.3082,0.4422,-0.5275,22S,41W,176.3,-,-
9737,2038 July 16,2038,11:35:56,84,476,149,N,a-,-1.2837,0.4999,-0.4952,23S,172W,192.4,-,-
9738,2038 December 11,2038,17:45:00,84,481,116,N,#NAME?,-1.1448,0.8046,-0.2892,22N,93E,258.5,-,-
9739,2039 June 6,2039,18:54:25,84,487,121,P,#NAME?,0.546,1.8272,0.8846,22S,77E,296.7,179.3,-
9740,2039 November 30,2039,16:56:28,85,493,126,P,#NAME?,-0.4721,2.0418,0.9426,21N,104E,360.1,206,-
9741,2040 May 26,2040,11:46:22,85,499,131,T-,p-,-0.1872,2.4938,1.5348,21S,177W,321.4,210.7,92.2
9742,2040 November 18,2040,19:04:40,85,505,136,T+,p-,0.2361,2.4525,1.3974,20N,70E,353.6,220.4,87.8
9743,2041 May 16,2041,00:43:03,86,511,141,P,t-,-0.9746,1.0747,0.0645,20S,12W,269.7,58.5,-
9744,2041 November 8,2041,04:35:05,86,517,146,P,a-,0.9212,1.1656,0.1696,18N,73W,268,90.3,-
9745,2042 April 5,2042,14:30:11,86,522,113,N,#NAME?,1.108,0.868,-0.2176,5S,144E,268.4,-,-
9746,2042 September 29,2042,10:45:47,87,528,118,N,#NAME?,-1.0261,0.9528,-0.0031,2N,163W,238.5,-,-
9747,2043 March 25,2043,14:32:04,87,534,123,T,#NAME?,0.3849,2.19,1.1142,2S,144E,359.3,214.6,53.4
9748,2043 September 19,2043,01:51:50,88,540,128,T,#NAME?,-0.3316,2.2433,1.2556,2S,29W,325.8,206,71.7
9749,2044 March 13,2044,19:38:33,88,546,133,T,a-,-0.3496,2.2303,1.2031,2N,68E,338.4,209.1,66.4
9750,2044 September 7,2044,11:20:44,88,552,138,T,t-,0.4318,2.086,1.0456,5S,171W,344,206.2,33.9
9751,2045 March 3,2045,07:43:26,89,558,143,N,a-,-1.0274,0.9623,-0.0168,6N,113W,243.9,-,-
9752,2045 August 27,2045,13:54:50,89,564,148,N,t-,1.206,0.6825,-0.3919,9S,152E,241.7,-,-
9753,2046 January 22,2046,13:02:37,90,569,115,P,#NAME?,0.9885,1.0347,0.0532,21N,168E,250,50.4,-
9754,2046 July 18,2046,01:06:05,90,575,120,P,#NAME?,-0.8691,1.2807,0.2461,22S,14W,298.1,114.6,-
9755,2047 January 12,2047,01:26:14,90,581,125,T,#NAME?,0.3317,2.2649,1.2341,22N,19W,337.2,208.9,70
9756,2047 July 7,2047,10:35:45,91,587,130,T-,pp,-0.0636,2.731,1.7513,23S,157W,333.4,218.5,100.8
9757,2048 January 1,2048,06:53:55,91,593,135,T,p-,-0.3745,2.2141,1.128,23N,102W,359.4,214.3,55.9
9758,2048 June 26,2048,02:02:28,92,599,140,P,a-,0.6796,1.5825,0.6388,23S,30W,285.7,159.2,-
9759,2048 December 20,2048,06:27:48,92,605,145,N,t-,-1.0624,0.9617,-0.1436,22N,97W,281.6,-,-
9760,2049 May 17,2049,11:26:39,92,610,112,N,#NAME?,-1.1337,0.7638,-0.2085,21S,172W,224.3,-,-
9761,2049 June 15,2049,19:14:12,92,611,150,N,a-,1.4068,0.2511,-0.6985,22S,72E,132,-,-
9762,2049 November 9,2049,15:52:11,93,616,117,N,#NAME?,1.1964,0.6808,-0.3553,18N,118E,226.1,-,-
9763,2050 May 6,2050,22:32:02,94,622,122,T,#NAME?,-0.4181,2.1052,1.0767,17S,21E,340,206,43.2
9764,2050 October 30,2050,03:21:47,95,628,127,T,#NAME?,0.4435,2.0345,1.0538,14N,54W,313.1,192.9,34.5
9765,2051 April 26,2051,02:16:28,96,634,132,T,p-,0.3371,2.2773,1.2022,13S,34W,364.8,220.8,69.6
9766,2051 October 19,2051,19:11:50,97,640,137,T-,p-,-0.2542,2.3708,1.4118,10N,69E,314.2,204.3,83.6
9767,2052 April 14,2052,02:18:06,98,646,142,N,t-,1.0628,0.9466,-0.1305,9S,34W,276,-,-
9768,2052 October 8,2052,10:45:58,99,652,147,P,a-,-0.9726,1.0642,0.0821,5N,164W,256.6,63.3,-
9769,2053 March 4,2053,17:22:10,99,657,114,N,#NAME?,-1.053,0.9323,-0.0808,5N,102E,251.1,-,-
9770,2053 August 29,2053,08:05:50,100,663,119,Nx,#NAME?,1.0164,1.0191,-0.033,8S,121W,277.8,-,-
9771,2054 February 22,2054,06:51:27,101,669,124,T,#NAME?,-0.3242,2.2491,1.2769,10N,99W,314.7,200.9,72.1
9772,2054 August 18,2054,09:26:30,102,675,129,T,pp,0.2806,2.3805,1.3062,13S,140W,369.5,226.5,82.9
9773,2055 February 11,2055,22:46:17,103,681,134,T,p-,0.3526,2.197,1.2246,14N,22E,312.9,198.4,66
9774,2055 August 7,2055,10:53:18,104,687,139,P,t-,-0.4769,2.0069,0.9594,17S,161W,346.3,203.4,-
9775,2056 February 1,2056,12:26:06,105,693,144,N,a-,1.0682,0.9056,-0.1096,18N,177E,247.2,-,-
9776,2056 June 27,2056,10:03:09,106,698,111,N,#NAME?,1.3769,0.3143,-0.6519,22S,149W,149.9,-,-
9777,2056 July 26,2056,18:43:24,106,699,149,N,a-,-1.2048,0.6435,-0.3489,20S,81E,214.4,-,-
9778,2056 December 22,2056,01:48:56,107,704,116,N,#NAME?,-1.1559,0.7857,-0.3109,22N,27W,256.4,-,-
9779,2057 June 17,2057,02:26:20,108,710,121,P,#NAME?,0.6167,1.6967,0.7555,23S,36W,290.6,169.3,-
9780,2057 December 11,2057,00:53:38,109,716,126,P,#NAME?,-0.4853,2.0178,0.9181,23N,15W,358.8,204,-
9781,2058 June 6,2058,19:15:48,110,722,131,T-,pp,-0.1181,2.621,1.6611,23S,71E,323.6,213.4,97.3
9782,2058 November 30,2058,03:16:18,111,728,136,T+,p-,0.2208,2.4802,1.426,22N,52W,353,220.7,89.7
9783,2059 May 27,2059,07:55:35,112,734,141,P,t-,-0.9097,1.1946,0.1829,22S,119W,281.7,97.2,-
9784,2059 November 19,2059,13:01:36,113,740,146,P,a-,0.9004,1.2037,0.2079,20N,161E,270.5,99.2,-
9785,2060 April 15,2060,21:37:04,114,745,113,N,#NAME?,1.1621,0.7674,-0.3156,9S,37E,255,-,-
9786,2060 October 9,2060,18:53:32,115,751,118,N,#NAME?,-1.067,0.8796,-0.0799,6N,74E,231.3,-,-
9787,2060 November 8,2060,04:04:15,115,752,156,N,a-,1.5332,0.0266,-0.9375,18N,65W,43.6,-,-
9788,2061 April 4,2061,21:54:05,116,757,123,T,#NAME?,0.43,2.1044,1.0341,6S,33E,355,209.6,29.9
9789,2061 September 29,2061,09:38:13,117,763,128,T,#NAME?,-0.381,2.1556,1.1621,2N,146W,324.8,202.4,59
9790,2062 March 25,2062,03:33:50,118,769,133,T,p-,-0.315,2.2905,1.2695,2S,52W,338.3,211.3,74.7
9791,2062 September 18,2062,18:34:02,119,775,138,T,p-,0.3735,2.1959,1.1496,1S,80E,349.3,212.4,59.5
9792,2063 March 14,2063,16:05:49,120,781,143,P,a-,-1.0007,1.0088,0.0342,1N,121E,247.8,40.6,-
9793,2063 September 7,2063,20:41:12,121,787,148,N,t-,1.1374,0.8101,-0.2678,5S,49E,260.4,-,-
9794,2064 February 2,2064,21:48:57,122,792,115,P,#NAME?,0.9969,1.0197,0.0377,18N,37E,249,42.5,-
9795,2064 July 28,2064,07:52:48,123,798,120,P,#NAME?,-0.9473,1.1361,0.1038,20S,116W,284.3,75.7,-
9796,2065 January 22,2065,09:58:58,124,804,125,T,#NAME?,0.3371,2.2561,1.2231,20N,146W,338.2,209,68.8
9797,2065 July 17,2065,17:48:40,125,810,130,T-,pp,-0.1402,2.589,1.6121,21S,95E,331,216.3,97
9798,2066 January 11,2066,15:04:47,126,816,135,T,p-,-0.3687,2.2259,1.1378,21N,136E,360.7,215.2,57.9
9799,2066 July 7,2066,09:30:29,127,822,140,P,a-,0.6055,1.7179,0.7753,22S,141W,292.3,171.3,-
9800,2066 December 31,2066,14:30:10,128,828,145,N,t-,-1.0539,0.9773,-0.1281,22N,144E,283.3,-,-
9801,2067 May 28,2067,18:56:08,129,833,112,N,#NAME?,-1.2012,0.6403,-0.3329,23S,76E,208.5,-,-
9802,2067 June 27,2067,02:41:06,129,834,150,N,a-,1.3394,0.3754,-0.5753,22S,39W,159.8,-,-
9803,2067 November 21,2067,00:04:42,130,839,117,N,#NAME?,1.2106,0.6544,-0.3811,21N,4W,221.5,-,-
9804,2068 May 17,2068,05:42:17,131,845,122,P,#NAME?,-0.4851,1.9826,0.9532,20S,86W,336.6,199,-
9805,2068 November 9,2068,11:47:00,132,851,127,T,#NAME?,0.4645,1.9962,1.0149,18N,180E,311.2,190.2,18.4
9806,2069 May 6,2069,09:09:57,133,857,132,T+,pp,0.2717,2.3965,1.3229,17S,138W,368.1,226.2,84.3
9807,2069 October 30,2069,03:35:06,134,863,137,T-,p-,-0.2263,2.4235,1.4616,14N,57W,315.4,205.6,86.8
9808,2070 April 25,2070,09:21:24,135,869,142,Nx,t-,1.0044,1.0515,-0.0209,12S,140W,286.9,-,-
9809,2070 October 19,2070,18:51:12,137,875,147,P,a-,-0.9406,1.1258,0.1383,9N,74E,263.2,81.7,-
9810,2071 March 16,2071,01:31:09,137,880,114,N,#NAME?,-1.0756,0.8879,-0.1194,1N,20W,245.1,-,-
9811,2071 September 9,2071,15:05:41,138,886,119,N,#NAME?,1.0834,0.8989,-0.1586,4S,133E,265.2,-,-
9812,2072 March 4,2072,15:23:07,140,892,124,T,#NAME?,-0.343,2.2127,1.2441,6N,133E,313.2,199.4,68.5
9813,2072 August 28,2072,16:05:42,141,898,129,T,#NAME?,0.3563,2.2428,1.1662,9S,119E,366,220.3,64.2
9814,2073 February 22,2073,07:24:53,142,904,134,T,p-,0.3388,2.2218,1.2503,10N,107W,313.8,199.7,69.2
9815,2073 August 17,2073,17:42:41,143,910,139,T,t-,-0.3998,2.1479,1.1013,13S,96E,350.5,211.6,50.1
9816,2074 February 11,2074,20:55:58,144,916,144,N,a-,1.0611,0.9191,-0.0972,15N,50E,249.5,-,-
9817,2074 July 8,2074,17:21:38,145,921,111,N,#NAME?,1.4456,0.187,-0.7765,21S,101E,116.6,-,-
9818,2074 August 7,2074,01:56:03,145,922,149,N,a-,-1.1291,0.7813,-0.2091,17S,27W,232.2,-,-
9819,2075 January 2,2075,09:55:03,146,927,116,N,#NAME?,-1.1642,0.7714,-0.3271,22N,147W,254.9,-,-
9820,2075 June 28,2075,09:55:35,147,933,121,P,#NAME?,0.6897,1.5624,0.622,23S,147W,283.4,157,-
9821,2075 December 22,2075,08:55:55,148,939,126,P,#NAME?,-0.4945,2.0008,0.9013,23N,134W,357.6,202.5,-
9822,2076 June 17,2076,02:39:47,149,945,131,T-,pp,-0.0452,2.7554,1.7943,23S,39W,325.3,215.1,100.2
9823,2076 December 10,2076,11:34:51,150,951,136,T+,p-,0.2102,2.499,1.446,23N,175W,352.2,220.6,90.8
9824,2077 June 6,2077,14:59:52,151,957,141,P,t-,-0.8387,1.3257,0.3123,24S,135E,293.6,125,-
9825,2077 November 29,2077,21:35:53,152,963,146,P,a-,0.8854,1.2309,0.2356,23N,34E,272,105,-
9826,2078 April 27,2078,04:35:44,153,968,113,N,#NAME?,1.2222,0.6558,-0.4246,13S,68W,238.2,-,-
9827,2078 October 21,2078,03:08:03,154,974,118,N,#NAME?,-1.1021,0.8171,-0.1462,10N,50W,224.8,-,-
9828,2078 November 19,2078,12:40:04,154,975,156,N,a-,1.5147,0.0615,-0.9047,21N,166E,66,-,-
9829,2079 April 16,2079,05:10:45,155,980,123,P,#NAME?,0.4799,2.01,0.9451,10S,77W,350.1,203.4,-
9830,2079 October 10,2079,17:30:30,156,986,128,T,#NAME?,-0.4246,2.0786,1.0791,7N,95E,323.8,198.7,42.4
9831,2080 April 4,2080,11:23:38,157,992,133,T,p-,-0.2751,2.3607,1.346,6S,170W,338.3,213.6,82.1
9832,2080 September 29,2080,01:52:42,158,998,138,T,p-,0.3203,2.2967,1.2443,3N,30W,353.7,217.4,73.8
9833,2081 March 25,2081,00:22:01,159,1004,143,P,a-,-0.9687,1.0652,0.0953,3S,4W,252.4,67.1,-
9834,2081 September 18,2081,03:35:26,161,1010,148,N,t-,1.0747,0.927,-0.1545,1S,55W,275.7,-,-
9835,2082 February 13,2082,06:29:19,161,1015,115,P,#NAME?,1.0101,0.9955,0.0134,14N,93W,247.2,25.5,-
9836,2082 August 8,2082,14:46:42,163,1021,120,Nx,#NAME?,-1.0203,1.0011,-0.0294,17S,141E,269.8,-,-
9837,2083 February 2,2083,18:26:46,164,1027,125,T,#NAME?,0.3463,2.24,1.2052,17N,88E,338.9,208.8,66.5
9838,2083 July 29,2083,01:05:34,165,1033,130,T-,pp,-0.2143,2.452,1.4773,19S,14W,328,212.9,90.4
9839,2084 January 22,2084,23:13:00,166,1039,135,T,p-,-0.361,2.2407,1.1513,19N,15E,362,216.3,60.5
9840,2084 July 17,2084,16:58:51,167,1045,140,P,a-,0.5312,1.854,0.9119,20S,107E,298.1,181.4,-
9841,2085 January 10,2085,22:32:29,168,1051,145,N,t-,-1.0453,0.9927,-0.1119,21N,24E,284.9,-,-
9842,2085 June 8,2085,02:17:36,169,1056,112,N,#NAME?,-1.2745,0.5065,-0.4682,24S,34W,188.5,-,-
9843,2085 July 7,2085,10:04:40,169,1057,150,N,a-,1.2694,0.5047,-0.4478,21S,149W,183.5,-,-
9844,2085 December 1,2085,08:25:35,170,1062,117,N,#NAME?,1.2189,0.6387,-0.3957,23N,128W,218.5,-,-
9845,2086 May 28,2086,12:43:47,171,1068,122,P,#NAME?,-0.5585,1.8486,0.818,22S,169E,332,189.4,-
9846,2086 November 20,2086,20:19:42,172,1074,127,P,#NAME?,0.4799,1.9679,0.9865,20N,52E,309.5,188.1,-
9847,2087 May 17,2087,15:55:20,173,1080,132,T+,pp,0.1999,2.5276,1.4554,19S,121E,371,230.6,95.1
9848,2087 November 10,2087,12:05:33,174,1086,137,T-,p-,-0.2043,2.4654,1.5006,17N,175E,316.4,206.6,88.9
9849,2088 May 5,2088,16:16:50,175,1092,142,P,t-,0.9387,1.1695,0.1019,16S,116E,297.9,77.1,-
9850,2088 October 30,2088,03:03:20,177,1098,147,P,a-,-0.9147,1.1761,0.1831,13N,49W,268.5,93.6,-
9851,2089 March 26,2089,09:34:14,178,1103,114,N,#NAME?,-1.1038,0.8332,-0.1681,4S,142W,237.8,-,-
9852,2089 September 19,2089,22:11:17,179,1109,119,N,#NAME?,1.1447,0.7893,-0.2737,0N,26E,252.2,-,-
9853,2090 March 15,2090,23:48:31,180,1115,124,T,#NAME?,-0.3674,2.1659,1.2012,1N,6E,311.3,197.5,63
9854,2090 September 8,2090,22:52:29,181,1121,129,T,#NAME?,0.4257,2.1167,1.0377,5S,17E,362,213.1,31.9
9855,2091 March 5,2091,15:58:22,182,1127,134,T,p-,0.3212,2.2537,1.2832,6N,124E,315,201.3,72.9
9856,2091 August 29,2091,00:38:25,183,1133,139,T,t-,-0.327,2.281,1.2351,10S,8W,353.4,217.5,72.9
9857,2092 February 23,2092,05:20:59,184,1139,144,N,a-,1.0509,0.9383,-0.0789,11N,76W,252.4,-,-
9858,2092 July 19,2092,00:41:58,185,1144,111,Ne,#NAME?,1.5131,0.062,-0.8992,19S,8W,67.7,-,-
9859,2092 August 17,2092,09:13:59,185,1145,149,N,a-,-1.0568,0.9131,-0.0757,14S,136W,246.7,-,-
9860,2093 January 12,2093,18:00:03,186,1150,116,N,#NAME?,-1.1733,0.7553,-0.3444,20N,93E,253.1,-,-
9861,2093 July 8,2093,17:24:18,187,1156,121,P,#NAME?,0.7632,1.4275,0.4872,22S,101E,275.3,141.9,-
9862,2094 January 1,2094,17:00:06,188,1162,126,P,#NAME?,-0.5024,1.9858,0.8871,22N,107E,356.5,201.2,-
9863,2094 June 28,2094,10:01:57,190,1168,131,T+,pp,0.0288,2.7865,1.8234,23S,149W,326.5,215.7,100.6
9864,2094 December 21,2094,19:56:32,191,1174,136,T+,p-,0.2016,2.5138,1.4627,24N,61E,351.2,220.5,91.6
9865,2095 June 17,2095,22:00:11,192,1180,141,P,t-,-0.7653,1.4617,0.4459,24S,31E,304.7,146.9,-
9866,2095 December 11,2095,06:15:02,193,1186,146,P,a-,0.8742,1.251,0.2565,24N,95W,272.9,108.9,-
9867,2096 May 7,2096,11:24:42,194,1191,113,N,#NAME?,1.2896,0.5309,-0.5469,16S,171W,216.9,-,-
9868,2096 June 6,2096,02:43:41,194,1192,151,Nb,t-,-1.5723,0.0047,-1.0584,24S,41W,21.2,-,-
9869,2096 October 31,2096,11:30:23,195,1197,118,N,#NAME?,-1.1307,0.7666,-0.2006,13N,175W,219.3,-,-
9870,2096 November 29,2096,21:22:22,195,1198,156,N,a-,1.5017,0.0862,-0.8816,23N,37E,78.1,-,-
9871,2097 April 26,2097,12:18:17,196,1203,123,P,#NAME?,0.5377,1.9013,0.842,13S,176E,344,195.2,-
9872,2097 October 21,2097,01:30:55,197,1209,128,T,#NAME?,-0.4608,2.0152,1.0097,11N,26W,323.1,195.2,15.2
9873,2098 April 15,2098,19:04:48,198,1215,133,T-,p-,-0.2272,2.4454,1.4369,10S,74E,338.3,215.8,89
9874,2098 October 10,2098,09:19:58,200,1221,138,T,pp,0.2749,2.3831,1.3246,7N,143W,357.4,221,82.7
9875,2099 April 5,2099,08:30:56,201,1227,143,P,a-,-0.9304,1.1333,0.168,7S,127W,257.7,88.1,-
9876,2099 September 29,2099,10:36:38,202,1233,148,Nx,t-,1.0174,1.034,-0.0512,3N,161W,288.3,-,-
