Catalog_Number,Calendar_Date,Year,Eclipse_Time,Delta_T,Lunation_Number,Saros_Number,Eclipse Type,Gamma,Eclipse_Magnitude,Latitude,Longitude,Sun_Altitude,Sun_Azimuth,Path_Width,Central_Duration
9281,1900 May 28,1900,14:53:56,-2,-1232,126,T,0.3943,1.0249,44.8N,46.5W,67,175,92,2.1
9282,1900 November 22,1900,07:19:43,-2,-1226,131,A,-0.2245,0.9421,33.1S,64.8E,77,7,220,6.42
9283,1901 May 18,1901,05:33:48,-1,-1220,136,T,-0.3626,1.068,1.7S,98.4E,69,353,238,6.29
9284,1901 November 11,1901,07:28:21,0,-1214,141,A,0.4758,0.9216,10.8N,68.9E,62,190,336,11.01
9285,1902 April 8,1902,14:05:06,0,-1209,108,Pe,1.5024,0.0643,71.7N,142.4W,0,67,,
9286,1902 May 7,1902,22:34:16,0,-1208,146,P,-1.0831,0.8593,70.0S,125.1W,0,327,,
9287,1902 October 31,1902,08:00:18,1,-1202,151,P,1.1556,0.696,70.8N,100.8E,0,223,,
9288,1903 March 29,1903,01:35:23,2,-1197,118,A,0.8413,0.9767,56.2N,130.3E,32,147,153,1.53
9289,1903 September 21,1903,04:39:52,2,-1191,123,T,-0.8967,1.0316,58.0S,77.2E,26,35,241,2.12
9290,1904 March 17,1904,05:40:44,3,-1185,128,A,0.1299,0.9367,5.6N,94.7E,82,162,237,8.07
9291,1904 September 9,1904,20:44:21,3,-1179,133,T,-0.1625,1.0709,3.7S,134.5W,81,17,234,6.2
9292,1905 March 6,1905,05:12:26,4,-1173,138,A,-0.5768,0.9269,39.5S,117.4E,55,338,334,7.58
9293,1905 August 30,1905,13:07:26,5,-1167,143,T,0.5708,1.0477,42.5N,4.3W,55,202,192,3.46
9294,1906 February 23,1906,07:43:20,5,-1161,148,P,-1.2479,0.5386,71.4S,170.3W,0,237,,
9295,1906 July 21,1906,13:14:19,6,-1156,115,P,-1.3637,0.3355,68.6S,33.3W,0,15,,
9296,1906 August 20,1906,01:12:50,6,-1155,153,P,1.3731,0.3147,70.8N,66.4W,0,313,,
9297,1907 January 14,1907,06:05:43,6,-1150,120,T,0.8628,1.0281,38.3N,86.4E,30,175,189,2.25
9298,1907 July 10,1907,15:24:32,7,-1144,125,A,-0.6313,0.9456,16.9S,50.9W,51,2,258,7.23
9299,1908 January 3,1908,21:45:22,8,-1138,130,T,0.1934,1.0437,11.8S,145.1W,79,180,149,4.14
9300,1908 June 28,1908,16:29:51,8,-1132,135,A,0.1389,0.9655,31.4N,67.2W,82,177,126,4
9301,1908 December 23,1908,11:44:28,9,-1126,140,H,-0.4985,1.0024,53.4S,0.5W,60,8,10,0.12
9302,1909 June 17,1909,23:18:38,10,-1120,145,H,0.8957,1.0065,82.9N,123.6E,26,110,51,0.24
9303,1909 December 12,1909,19:44:48,10,-1114,150,P,-1.2456,0.5424,65.0S,86.0E,0,158,,
9304,1910 May 9,1910,05:42:13,11,-1109,117,T,-0.9437,1.06,48.2S,125.2E,19,328,594,4.15
9305,1910 November 2,1910,02:08:32,12,-1103,122,P,1.0603,0.8515,61.9N,155.1W,0,238,,
9306,1911 April 28,1911,22:27:22,12,-1097,127,T,-0.2294,1.0562,1.9N,151.9W,77,336,190,4.57
9307,1911 October 22,1911,04:13:02,13,-1091,132,A,0.3224,0.965,6.3N,121.4E,71,206,133,3.47
9308,1912 April 17,1912,11:34:22,14,-1085,137,H,0.528,1.0003,38.4N,11.3W,58,146,1,0.02
9309,1912 October 10,1912,13:36:14,14,-1079,142,T,-0.4149,1.0229,28.1S,40.1W,65,32,85,1.55
9310,1913 April 6,1913,17:33:07,15,-1073,147,P,1.3147,0.4244,61.2N,175.7E,0,77,,
9311,1913 August 31,1913,20:52:12,15,-1068,114,P,1.4512,0.1513,61.5N,26.8W,0,288,,
9312,1913 September 30,1913,04:45:49,15,-1067,152,P,-1.1005,0.8252,61.0S,11.6E,0,95,,
9313,1914 February 25,1914,00:13:01,16,-1062,119,A,-0.9416,0.9248,62.1S,113.3W,19,287,839,5.35
9314,1914 August 21,1914,12:34:27,17,-1056,124,T,0.7655,1.0328,54.5N,27.1E,40,227,170,2.14
9315,1915 February 14,1915,04:33:20,17,-1050,129,A,-0.2024,0.9789,24.0S,120.7E,78,333,77,2.04
9316,1915 August 10,1915,22:52:25,18,-1044,134,A,0.0124,0.9853,16.4N,161.4W,89,200,52,1.33
9317,1916 February 3,1916,16:00:21,18,-1038,139,T,0.4987,1.028,11.1N,67.7W,60,158,108,2.36
9318,1916 July 30,1916,02:06:10,19,-1032,144,A,-0.7709,0.9447,29.0S,132.4E,39,22,313,6.24
9319,1916 December 24,1916,20:46:22,19,-1027,111,P,-1.5321,0.0114,65.7S,32.1E,0,195,,
9320,1917 January 23,1917,07:28:31,19,-1026,149,P,1.1508,0.7254,63.2N,25.6E,0,138,,
9321,1917 June 19,1917,13:16:21,20,-1021,116,P,1.2857,0.4729,66.2N,150.1E,0,350,,
9322,1917 July 19,1917,02:42:42,20,-1020,154,Pb,-1.5101,0.0863,63.7S,101.8E,0,36,,
9323,1917 December 14,1917,09:27:20,20,-1015,121,A,-0.9157,0.9791,88.0S,124.8E,23,271,189,1.17
9324,1918 June 8,1918,22:07:43,20,-1009,126,T,0.4658,1.0292,50.9N,152.0W,62,180,112,2.23
9325,1918 December 3,1918,15:22:02,21,-1003,131,A,-0.2387,0.9383,36.1S,53.7W,76,3,236,7.06
9326,1919 May 29,1919,13:08:55,21,-997,136,T,-0.2955,1.0719,4.4N,16.7W,73,356,244,6.51
9327,1919 November 22,1919,15:14:12,21,-991,141,A,0.4549,0.9198,6.9N,48.9W,63,186,341,11.37
9328,1920 May 18,1920,06:14:55,21,-985,146,P,-1.0239,0.9734,69.1S,107.7E,0,339,,
9329,1920 November 10,1920,15:52:15,22,-979,151,P,1.1287,0.742,69.9N,29.8W,0,211,,
9330,1921 April 8,1921,09:15:01,22,-974,118,A,0.8869,0.9753,64.5N,5.6E,27,139,192,1.5
9331,1921 October 1,1921,12:35:58,22,-968,123,T,-0.9383,1.0293,66.1S,56.1W,20,48,291,1.52
9332,1922 March 28,1922,13:05:26,23,-962,128,A,0.1711,0.9381,12.3N,18.0W,80,162,233,7.5
9333,1922 September 21,1922,04:40:31,23,-956,133,T,-0.213,1.0678,10.7S,104.5E,78,18,226,5.59
9334,1923 March 17,1923,12:44:58,23,-950,138,A,-0.5438,0.931,33.0S,2.4E,57,339,305,7.51
9335,1923 September 10,1923,20:47:29,23,-944,143,T,0.5149,1.043,34.7N,121.8W,59,201,167,3.37
9336,1924 March 5,1924,15:44:20,24,-938,148,P,-1.2232,0.5819,71.9S,55.6E,0,250,,
9337,1924 July 31,1924,19:58:20,24,-933,115,P,-1.4459,0.192,69.6S,146.0W,0,27,,
9338,1924 August 30,1924,08:23:00,24,-932,153,P,1.3123,0.4245,71.5N,172.9E,0,300,,
9339,1925 January 24,1925,14:54:03,24,-927,120,T,0.8661,1.0304,40.5N,49.6W,30,170,206,2.32
9340,1925 July 20,1925,21:48:42,24,-921,125,A,-0.7193,0.9436,25.3S,150.0W,44,6,300,7.15
9341,1926 January 14,1926,06:36:58,24,-915,130,T,0.1973,1.043,10.1S,82.3E,79,176,147,4.11
9342,1926 July 9,1926,23:06:02,24,-909,135,A,0.0538,0.968,25.6N,165.1W,87,181,115,3.51
9343,1927 January 3,1927,20:22:53,24,-903,140,A,-0.4956,0.9995,52.8S,124.8W,60,0,2,0.03
9344,1927 June 29,1927,06:23:27,24,-897,145,T,0.8163,1.0128,78.1N,73.8E,35,167,77,0.5
9345,1927 December 24,1927,03:59:41,24,-891,150,P,-1.2416,0.549,66.1S,47.7W,0,169,,
9346,1928 May 19,1928,13:24:20,24,-886,117,T-,-1.0048,1.014,63.3S,22.5E,0,319,-,-
9347,1928 June 17,1928,20:27:28,24,-885,155,Pb,1.5107,0.0375,65.6N,70.6E,0,16,,
9348,1928 November 12,1928,09:48:24,24,-880,122,P,1.0861,0.8078,62.6N,81.1E,0,229,,
9349,1929 May 9,1929,06:10:34,24,-874,127,T,-0.2887,1.0562,1.6N,92.7E,73,339,193,5.07
9350,1929 November 1,1929,12:05:10,24,-868,132,A,0.3514,0.9649,4.5N,3.1E,69,204,134,3.54
9351,1930 April 28,1930,19:03:34,24,-862,137,H,0.473,1.0003,39.4N,121.2W,62,149,1,0.01
9352,1930 October 21,1930,21:43:53,24,-856,142,T,-0.3804,1.023,30.5S,161.1W,67,31,84,1.55
9353,1931 April 18,1931,00:45:35,24,-850,147,P,1.2643,0.5107,61.5N,58.9E,0,68,,
9354,1931 September 12,1931,04:41:25,24,-845,114,Pe,1.506,0.0471,61.2N,152.8W,0,280,,
9355,1931 October 11,1931,12:55:40,24,-844,152,P,-1.0607,0.9005,61.2S,119.5W,0,104,,
9356,1932 March 7,1932,07:55:50,24,-839,119,A,-0.9673,0.9277,60.7S,134.4E,14,285,1083,5.19
9357,1932 August 31,1932,20:03:41,24,-833,124,T,0.8307,1.0257,54.5N,79.5W,34,232,155,1.45
9358,1933 February 24,1933,12:46:39,24,-827,129,A,-0.2191,0.9841,20.8S,2.1W,77,331,58,1.32
9359,1933 August 21,1933,05:49:11,24,-821,134,A,0.0869,0.9801,16.9N,95.9E,85,206,71,2.04
9360,1934 February 14,1934,00:38:41,24,-815,139,T,0.4868,1.0321,13.2N,161.7E,61,155,123,2.53
9361,1934 August 10,1934,08:37:48,24,-809,144,A,-0.689,0.9436,24.5S,34.6E,46,25,280,6.33
9362,1935 January 5,1935,05:35:46,24,-804,111,Pe,-1.5381,0.0013,64.7S,110.2W,0,205,,
9363,1935 February 3,1935,16:16:20,24,-803,149,P,1.1438,0.739,62.5N,115.4W,0,128,,
9364,1935 June 30,1935,19:59:46,24,-798,116,P,1.3623,0.3375,65.2N,39.1E,0,340,,
9365,1935 July 30,1935,09:16:28,24,-797,154,P,-1.4259,0.2315,62.9S,5.9W,0,45,,
9366,1935 December 25,1935,17:59:52,24,-792,121,A,-0.9228,0.9752,83.5S,9.4E,22,258,234,1.3
9367,1936 June 19,1936,05:20:31,24,-786,126,T,0.5389,1.0329,56.1N,104.7E,57,188,132,2.31
9368,1936 December 13,1936,23:28:12,24,-780,131,A,-0.2493,0.9349,37.8S,172.6W,75,357,251,7.25
9369,1937 June 8,1937,20:41:02,24,-774,136,T,-0.2253,1.0751,9.9N,130.5W,77,0,250,7.04
9370,1937 December 2,1937,23:05:45,24,-768,141,A,0.4389,0.9184,4.0N,167.8W,64,182,344,12
9371,1938 May 29,1938,13:50:19,24,-762,146,T,-0.9607,1.0552,52.7S,22.0W,16,354,675,4.05
9372,1938 November 21,1938,23:52:25,24,-756,151,P,1.1077,0.7781,68.9N,162.0W,0,198,,
9373,1939 April 19,1939,16:45:53,24,-751,118,A,0.9388,0.9731,73.1N,129.1W,20,118,285,1.49
9374,1939 October 12,1939,20:40:23,24,-745,123,T,-0.9737,1.0266,72.8S,155.1E,12,74,418,1.32
9375,1940 April 7,1940,20:21:21,24,-739,128,A,0.219,0.9394,19.2N,128.5W,77,163,230,7.3
9376,1940 October 1,1940,12:44:06,25,-733,133,T,-0.2573,1.0645,17.5S,18.2W,75,18,218,5.35
9377,1941 March 27,1941,20:08:08,25,-727,138,A,-0.5025,0.9355,26.2S,110.9W,60,341,276,7.41
9378,1941 September 21,1941,04:34:03,25,-721,143,T,0.4649,1.0379,27.3N,119.1E,62,200,143,3.22
9379,1942 March 16,1942,23:37:07,25,-715,148,P,-1.1908,0.6393,72.2S,76.8W,0,264,,
9380,1942 August 12,1942,02:45:12,26,-710,115,Pe,-1.5244,0.0561,70.4S,99.9E,0,39,,
9381,1942 September 10,1942,15:39:32,26,-709,153,P,1.2571,0.523,71.9N,50.0E,0,286,,
9382,1943 February 4,1943,23:38:10,26,-704,120,T,0.8734,1.0331,43.6N,175.1E,29,165,229,2.39
9383,1943 August 1,1943,04:16:13,26,-698,125,A,-0.8041,0.9409,34.8S,108.6E,36,11,367,6.59
9384,1944 January 25,1944,15:26:42,26,-692,130,T,0.2025,1.0428,7.6S,50.2W,78,172,146,4.09
9385,1944 July 20,1944,05:43:13,27,-686,135,A,-0.0314,0.97,19.0N,95.7E,88,6,108,3.42
9386,1945 January 14,1945,05:01:43,27,-680,140,A,-0.4937,0.997,51.1S,110.3E,60,354,12,0.15
9387,1945 July 9,1945,13:27:46,27,-674,145,T,0.7356,1.018,70.0N,17.2W,42,184,92,1.15
9388,1946 January 3,1946,12:16:11,27,-668,150,P,-1.2392,0.5529,67.1S,177.6E,0,180,,
9389,1946 May 30,1946,21:00:24,28,-663,117,P,-1.0711,0.8865,64.1S,101.0W,0,328,,
9390,1946 June 29,1946,03:51:58,28,-662,155,P,1.4361,0.1802,66.6N,50.8W,0,6,,
9391,1946 November 23,1946,17:37:12,28,-657,122,P,1.105,0.7758,63.4N,45.3W,0,219,,
9392,1947 May 20,1947,13:47:47,28,-651,127,T,-0.3528,1.0557,0.2N,21.4W,69,343,196,5.13
9393,1947 November 12,1947,20:05:37,28,-645,132,A,0.3743,0.965,3.0N,117.4W,68,200,135,3.59
9394,1948 May 9,1948,02:26:04,28,-639,137,A,0.4133,0.9999,39.8N,131.2E,65,153,0,0
9395,1948 November 1,1948,05:59:18,29,-633,142,T,-0.3517,1.0231,33.1S,76.2E,69,28,84,1.56
9396,1949 April 28,1949,07:48:53,29,-627,147,P,1.2068,0.6092,61.9N,55.7W,0,59,,
9397,1949 October 21,1949,21:13:01,29,-621,152,P,-1.027,0.9638,61.5S,107.5E,0,113,,
9398,1950 March 18,1950,15:32:01,29,-616,119,A-,-0.9988,0.962,60.9S,40.9E,0,268,-,-
9399,1950 September 12,1950,03:38:47,29,-610,124,T,0.8903,1.0182,54.8N,172.3E,27,236,134,1.14
9400,1951 March 7,1951,20:53:40,30,-604,129,A,-0.242,0.9896,17.7S,123.5W,76,330,38,0.59
9401,1951 September 1,1951,12:51:51,30,-598,134,A,0.1557,0.9747,16.5N,8.5W,81,208,91,2.36
9402,1952 February 25,1952,09:11:35,30,-592,139,T,0.4697,1.0366,15.6N,32.7E,62,152,138,3.09
9403,1952 August 20,1952,15:13:35,30,-586,144,A,-0.6102,0.942,21.7S,64.1W,52,27,264,6.4
9404,1953 February 14,1953,00:59:30,30,-580,149,P,1.1331,0.7596,61.9N,104.9E,0,119,,
9405,1953 July 11,1953,02:44:14,30,-575,116,P,1.4388,0.2015,64.3N,71.7W,0,331,,
9406,1953 August 9,1953,15:55:03,30,-574,154,P,-1.344,0.3729,62.2S,114.7W,0,54,,
9407,1954 January 5,1954,02:32:01,31,-569,121,A,-0.9296,0.972,79.1S,120.8W,21,260,278,1.42
9408,1954 June 30,1954,12:32:38,31,-563,126,T,0.6135,1.0357,60.5N,4.2E,52,197,153,2.35
9409,1954 December 25,1954,07:36:42,31,-557,131,A,-0.2576,0.9323,38.4S,68.2E,75,352,262,7.39
9410,1955 June 20,1955,04:10:42,31,-551,136,T,-0.1528,1.0776,14.8N,117.0E,81,5,254,7.08
9411,1955 December 14,1955,07:02:25,31,-545,141,A,0.4266,0.9176,2.1N,72.2E,65,178,346,12.09
9412,1956 June 8,1956,21:20:39,32,-539,146,T,-0.8934,1.0581,40.8S,140.7W,26,0,429,4.45
9413,1956 December 2,1956,08:00:35,32,-533,151,P,1.0923,0.8047,67.9N,64.6E,0,187,,
9414,1957 April 30,1957,00:05:28,32,-528,118,A+,0.9992,0.9799,70.6N,40.3E,0,41,-,-
9415,1957 October 23,1957,04:54:02,32,-522,123,T-,-1.0022,1.0013,71.2S,23.1W,0,127,-,-
9416,1958 April 19,1958,03:27:17,32,-516,128,A,0.275,0.9408,26.5N,123.6E,74,164,228,7.07
9417,1958 October 12,1958,20:55:28,33,-510,133,T,-0.2951,1.0608,24.0S,142.4W,73,18,209,5.11
9418,1959 April 8,1959,03:24:08,33,-504,138,A,-0.4546,0.9401,19.1S,137.6E,63,343,247,7.26
9419,1959 October 2,1959,12:27:00,33,-498,143,T,0.4207,1.0325,20.4N,1.4W,65,199,120,3.02
9420,1960 March 27,1960,07:25:07,33,-492,148,P,-1.1537,0.7058,72.1S,151.9E,0,279,,
9421,1960 September 20,1960,22:59:56,33,-486,153,P,1.2057,0.6139,72.1N,74.1W,0,273,,
9422,1961 February 15,1961,08:19:48,34,-481,120,T,0.883,1.036,47.4N,40.0E,28,159,258,2.45
9423,1961 August 11,1961,10:46:47,34,-475,125,A,-0.8859,0.9375,45.8S,4.0E,27,17,499,6.35
9424,1962 February 5,1962,00:12:38,34,-469,130,T,0.2107,1.043,4.2S,178.1E,78,169,147,4.08
9425,1962 July 31,1962,12:25:33,34,-463,135,Am,-0.113,0.9716,12.0N,5.7W,84,9,103,3.33
9426,1963 January 25,1963,13:37:12,35,-457,140,A,-0.4898,0.9951,48.2S,15.0W,60,348,20,0.25
9427,1963 July 20,1963,20:36:13,35,-451,145,T,0.6571,1.0224,61.7N,119.6W,49,191,101,1.4
9428,1964 January 14,1964,20:30:08,35,-445,150,P,-1.2354,0.5591,68.2S,43.1E,0,191,,
9429,1964 June 10,1964,04:34:07,35,-440,117,P,-1.1393,0.7545,65.0S,135.9E,0,338,,
9430,1964 July 9,1964,11:17:53,35,-439,155,P,1.3623,0.3221,67.6N,172.9W,0,355,,
9431,1964 December 4,1964,01:31:54,36,-434,122,P,1.1193,0.7518,64.3N,173.3W,0,209,,
9432,1965 May 30,1965,21:17:31,36,-428,127,T,-0.4225,1.0544,2.5S,133.8W,65,347,198,5.15
9433,1965 November 23,1965,04:14:51,36,-422,132,A,0.3906,0.9656,1.7N,119.8E,67,197,134,4.02
9434,1966 May 20,1966,09:39:02,37,-416,137,A,0.3467,0.9991,39.2N,26.4E,70,158,3,0.05
9435,1966 November 12,1966,14:23:28,37,-410,142,T,-0.33,1.0234,35.6S,48.2W,71,25,84,1.57
9436,1967 May 9,1967,14:42:48,38,-404,147,P,1.1422,0.7201,62.5N,168.1W,0,50,,
9437,1967 November 2,1967,05:38:56,38,-398,152,T-,-1.0007,1.0126,62.0S,27.8W,0,122,-,-
9438,1968 March 28,1968,23:00:30,38,-393,119,P,-1.037,0.899,61.0S,79.8W,0,277,,
9439,1968 September 22,1968,11:18:46,39,-387,124,T,0.9451,1.0099,56.2N,64.0E,19,240,104,0.4
9440,1969 March 18,1969,04:54:57,39,-381,129,A,-0.2704,0.9954,14.8S,116.3E,74,330,16,0.26
9441,1969 September 11,1969,19:58:59,40,-375,134,A,0.2201,0.969,15.6N,114.1W,77,210,114,3.11
9442,1970 March 7,1970,17:38:30,40,-369,139,T,0.4473,1.0414,18.2N,94.7W,63,150,153,3.28
9443,1970 August 31,1970,21:55:30,41,-363,144,A,-0.5364,0.94,20.3S,164.0W,57,29,258,6.47
9444,1971 February 25,1971,09:38:07,41,-357,149,P,1.1188,0.7872,61.4N,33.5W,0,110,,
9445,1971 July 22,1971,09:31:55,42,-352,116,Pe,1.513,0.0689,63.5N,177.0E,0,321,,
9446,1971 August 20,1971,22:39:31,42,-351,154,P,-1.2659,0.508,61.7S,135.4E,0,63,,
9447,1972 January 16,1972,11:03:22,42,-346,121,A,-0.9365,0.9692,74.9S,107.7E,20,263,321,1.53
9448,1972 July 10,1972,19:46:38,43,-340,126,T,0.6872,1.0379,63.5N,94.2W,46,209,175,2.36
9449,1973 January 4,1973,15:46:21,43,-334,131,A,-0.2644,0.9303,37.9S,51.2W,74,346,271,7.49
9450,1973 June 30,1973,11:38:41,44,-328,136,T,-0.0785,1.0792,18.8N,5.6E,86,9,256,7.04
9451,1973 December 24,1973,15:02:44,44,-322,141,A,0.4171,0.9174,1.1N,48.5W,65,174,345,12.02
9452,1974 June 20,1974,04:48:04,45,-316,146,T,-0.8239,1.0592,32.1S,103.7E,34,5,344,5.09
9453,1974 December 13,1974,16:13:13,45,-310,151,P,1.0797,0.8266,66.8N,69.4W,0,176,,
9454,1975 May 11,1975,07:17:33,46,-305,118,P,1.0647,0.8636,69.7N,80.2W,0,28,,
9455,1975 November 3,1975,13:15:54,46,-299,123,P,-1.0248,0.9588,70.4S,161.7W,0,141,,
9456,1976 April 29,1976,10:24:18,47,-293,128,A,0.3378,0.9421,34.0N,18.3E,70,165,227,6.41
9457,1976 October 23,1976,05:13:45,47,-287,133,T,-0.327,1.0572,30.0S,92.3E,71,17,199,4.46
9458,1977 April 18,1977,10:31:30,48,-281,138,A,-0.399,0.9449,11.9S,28.3E,66,345,220,7.04
9459,1977 October 12,1977,20:27:27,48,-275,143,T,0.3836,1.0269,14.1N,123.6W,67,197,99,2.37
9460,1978 April 7,1978,15:03:47,49,-269,148,P,-1.1081,0.7883,71.9S,23.3E,0,293,,
9461,1978 October 2,1978,06:28:43,49,-263,153,P,1.1616,0.6905,72.0N,159.6E,0,259,,
9462,1979 February 26,1979,16:55:06,50,-258,120,T,0.8981,1.0391,52.1N,94.5W,26,153,298,2.49
9463,1979 August 22,1979,17:22:38,50,-252,125,A,-0.9632,0.9329,59.6S,108.5W,15,29,953,6.03
9464,1980 February 16,1980,08:54:01,51,-246,130,T,0.2224,1.0434,0.1S,47.1E,77,166,149,4.08
9465,1980 August 10,1980,19:12:21,51,-240,135,A,-0.1915,0.9727,4.6N,108.9W,79,12,100,3.23
9466,1981 February 4,1981,22:09:24,51,-234,140,A,-0.4838,0.9937,44.4S,140.8W,61,344,25,0.33
9467,1981 July 31,1981,03:46:37,52,-228,145,T,0.5792,1.0258,53.3N,134.1E,54,195,108,2.02
9468,1982 January 25,1982,04:42:53,52,-222,150,P,-1.2311,0.5663,69.3S,91.7W,0,203,,
9469,1982 June 21,1982,12:04:33,53,-217,117,P,-1.2102,0.6168,65.9S,13.2E,0,347,,
9470,1982 July 20,1982,18:44:44,53,-216,155,P,1.2886,0.4643,68.6N,64.2E,0,345,,
9471,1982 December 15,1982,09:32:09,53,-211,122,P,1.1293,0.735,65.3N,56.9E,0,199,,
9472,1983 June 11,1983,04:43:33,53,-205,127,T,-0.4947,1.0524,6.2S,114.2E,60,351,199,5.11
9473,1983 December 4,1983,12:31:15,54,-199,132,A,0.4015,0.9666,0.9N,4.7W,66,192,131,4.01
9474,1984 May 30,1984,16:45:41,54,-193,137,A,0.2755,0.998,37.5N,76.7W,74,163,7,0.11
9475,1984 November 22,1984,22:54:17,54,-187,142,T,-0.3132,1.0237,37.8S,173.6W,72,21,85,2
9476,1985 May 19,1985,21:29:38,55,-181,147,P,1.072,0.8406,63.2N,81.1E,0,41,,
9477,1985 November 12,1985,14:11:27,55,-175,152,T,-0.9795,1.0388,68.6S,142.6W,11,111,690,1.59
9478,1986 April 9,1986,06:21:22,55,-170,119,P,-1.0822,0.8236,61.2S,161.4E,0,286,,
9479,1986 October 3,1986,19:06:15,55,-164,124,H,0.9931,1,59.9N,37.1W,5,252,1,0
9480,1987 March 29,1987,12:49:47,55,-158,129,H,-0.3053,1.0013,12.3S,2.3W,72,331,5,0.08
9481,1987 September 23,1987,03:12:22,56,-152,134,A,0.2787,0.9634,14.3N,138.4E,74,210,137,3.49
9482,1988 March 18,1988,01:58:56,56,-146,139,T,0.4188,1.0464,20.7N,140.0E,65,149,169,3.46
9483,1988 September 11,1988,04:44:29,56,-140,144,A,-0.4681,0.9377,20.0S,94.4E,62,31,258,6.57
9484,1989 March 7,1989,18:08:41,56,-134,149,P,1.0981,0.8268,61.2N,169.8W,0,101,,
9485,1989 August 31,1989,05:31:47,57,-128,154,P,-1.1928,0.6344,61.3S,23.6E,0,72,,
9486,1990 January 26,1990,19:31:24,57,-123,121,A,-0.9457,0.967,71.0S,22.2W,18,266,373,2.03
9487,1990 July 22,1990,03:03:07,57,-117,126,T,0.7597,1.0391,65.2N,168.9E,40,222,201,2.33
9488,1991 January 15,1991,23:53:51,58,-111,131,A,-0.2727,0.929,36.4S,170.4W,74,341,277,7.53
9489,1991 July 11,1991,19:07:01,58,-105,136,Tm,-0.0041,1.08,22.0N,105.2W,90,30,258,6.53
9490,1992 January 4,1992,23:05:37,58,-99,141,A,0.4091,0.9179,1.0N,169.7W,66,169,340,11.41
9491,1992 June 30,1992,12:11:22,59,-93,146,T,-0.7512,1.0592,25.2S,9.5W,41,10,294,5.21
9492,1992 December 24,1992,00:31:41,59,-87,151,P,1.0711,0.8422,65.7N,155.7E,0,165,,
9493,1993 May 21,1993,14:20:15,59,-82,118,P,1.1372,0.7352,68.8N,162.3E,0,17,,
9494,1993 November 13,1993,21:45:51,60,-76,123,P,-1.0411,0.928,69.6S,58.3E,0,153,,
9495,1994 May 10,1994,17:12:27,60,-70,128,A,0.4077,0.9431,41.5N,84.1W,66,168,230,6.13
9496,1994 November 3,1994,13:40:06,61,-64,133,T,-0.3522,1.0535,35.4S,34.2W,69,15,189,4.23
9497,1995 April 29,1995,17:33:20,61,-58,138,A,-0.3382,0.9497,4.8S,79.4W,70,348,196,6.37
9498,1995 October 24,1995,04:33:30,61,-52,143,T,0.3518,1.0213,8.4N,113.2E,69,195,78,2.1
9499,1996 April 17,1996,22:38:12,62,-46,148,P,-1.058,0.8799,71.3S,104.0W,0,306,,
9500,1996 October 12,1996,14:03:04,62,-40,153,P,1.1227,0.7575,71.7N,32.1E,0,245,,
9501,1997 March 9,1997,01:24:51,62,-35,120,T,0.9183,1.042,57.8N,130.7E,23,146,356,2.5
9502,1997 September 2,1997,00:04:48,63,-29,125,P,-1.0352,0.8988,71.8S,114.3E,0,64,,
9503,1998 February 26,1998,17:29:27,63,-23,130,T,0.2391,1.0441,4.7N,82.7W,76,164,151,4.09
9504,1998 August 22,1998,02:07:11,63,-17,135,A,-0.2644,0.9734,3.0S,145.4E,75,14,99,3.14
9505,1999 February 16,1999,06:34:38,63,-11,140,A,-0.4726,0.9928,39.8S,93.9E,62,342,29,0.4
9506,1999 August 11,1999,11:04:09,64,-5,145,T,0.5062,1.0286,45.1N,24.3E,59,197,112,2.23
9507,2000 February 5,2000,12:50:27,64,1,150,P,-1.2233,0.5795,70.2S,134.1E,0,215,,
9508,2000 July 1,2000,19:33:34,64,6,117,P,-1.2821,0.4768,66.9S,109.5W,0,358,,
9509,2000 July 31,2000,02:14:08,64,7,155,P,1.2166,0.6034,69.5N,59.9W,0,333,,
9510,2000 December 25,2000,17:35:57,64,12,122,P,1.1367,0.7228,66.3N,74.1W,0,189,,
9511,2001 June 21,2001,12:04:46,64,18,127,T,-0.5701,1.0495,11.3S,2.7E,55,355,200,4.57
9512,2001 December 14,2001,20:53:01,64,24,132,A,0.4089,0.9681,0.6N,130.7W,66,188,126,3.53
9513,2002 June 10,2002,23:45:22,64,30,137,A,0.1993,0.9962,34.5N,178.6W,78,169,13,0.23
9514,2002 December 4,2002,07:32:16,64,36,142,T,-0.302,1.0244,39.5S,59.6E,72,16,87,2.04
9515,2003 May 31,2003,04:09:22,64,42,147,An,0.996,0.9384,66.6N,24.5W,3,35,-,3.37
9516,2003 November 23,2003,22:50:22,64,48,152,T,-0.9638,1.0379,72.7S,88.4E,15,111,495,1.57
9517,2004 April 19,2004,13:35:05,65,53,119,P,-1.1335,0.7367,61.6S,44.3E,0,295,,
9518,2004 October 14,2004,03:00:23,65,59,124,P,1.0348,0.9282,61.2N,153.7W,0,253,,
9519,2005 April 8,2005,20:36:51,65,65,129,H,-0.3473,1.0074,10.6S,119.0W,70,332,27,0.42
9520,2005 October 3,2005,10:32:47,65,71,134,A,0.3306,0.9576,12.9N,28.7E,71,209,162,4.32
9521,2006 March 29,2006,10:12:23,65,77,139,T,0.3843,1.0515,23.2N,16.7E,67,149,184,4.07
9522,2006 September 22,2006,11:41:16,65,83,144,A,-0.4062,0.9352,20.6S,9.1W,66,31,261,7.09
9523,2007 March 19,2007,02:32:57,65,89,149,P,1.0728,0.8756,61.0N,55.5E,0,92,,
9524,2007 September 11,2007,12:32:24,66,95,154,P,-1.1255,0.7507,61.0S,90.2W,0,80,,
9525,2008 February 7,2008,03:56:10,66,100,121,A,-0.957,0.965,67.6S,150.5W,16,269,444,2.12
9526,2008 August 1,2008,10:22:12,66,106,126,T,0.8307,1.0394,65.7N,72.3E,34,235,237,2.27
9527,2009 January 26,2009,07:59:45,66,112,131,A,-0.282,0.9282,34.1S,70.2E,73,337,280,7.54
9528,2009 July 22,2009,02:36:25,66,118,136,T,0.0698,1.0799,24.2N,144.1E,86,198,258,6.39
9529,2010 January 15,2010,07:07:39,67,124,141,A,0.4002,0.919,1.6N,69.3E,66,165,333,11.08
9530,2010 July 11,2010,19:34:38,67,130,146,T,-0.6788,1.058,19.7S,121.9W,47,14,259,5.2
9531,2011 January 4,2011,08:51:42,67,136,151,P,1.0627,0.8576,64.7N,20.8E,0,155,,
9532,2011 June 1,2011,21:17:18,67,141,118,P,1.213,0.601,67.8N,46.8E,0,6,,
9533,2011 July 1,2011,08:39:30,67,142,156,Pb,-1.4917,0.0971,65.2S,28.6E,0,21,,
9534,2011 November 25,2011,06:21:24,68,147,123,P,-1.0536,0.9047,68.6S,82.4W,0,165,,
9535,2012 May 20,2012,23:53:54,68,153,128,A,0.4828,0.9439,49.1N,176.3E,61,171,237,5.46
9536,2012 November 13,2012,22:12:55,68,159,133,T,-0.3719,1.05,40.0S,161.3W,68,11,179,4.02
9537,2013 May 10,2013,00:26:20,68,165,138,A,-0.2694,0.9544,2.2N,175.5E,74,350,173,6.03
9538,2013 November 3,2013,12:47:36,68,171,143,H3,0.3272,1.0159,3.5N,11.7W,71,192,58,1.4
9539,2014 April 29,2014,06:04:33,69,177,148,A-,-1,0.9868,70.6S,131.3E,0,319,-,-
9540,2014 October 23,2014,21:45:39,69,183,153,P,1.0908,0.8114,71.2N,97.2W,0,231,,
9541,2015 March 20,2015,09:46:47,69,188,120,T,0.9454,1.0445,64.4N,6.6W,18,135,463,2.47
9542,2015 September 13,2015,06:55:19,69,194,125,P,-1.1004,0.7875,72.1S,2.3W,0,77,,
9543,2016 March 9,2016,01:58:19,70,200,130,T,0.2609,1.045,10.1N,148.8E,75,162,155,4.09
9544,2016 September 1,2016,09:08:02,70,206,135,A,-0.333,0.9736,10.7S,37.8E,70,16,100,3.06
9545,2017 February 26,2017,14:54:33,70,212,140,A,-0.4578,0.9922,34.7S,31.2W,63,340,31,0.44
9546,2017 August 21,2017,18:26:40,70,218,145,T,0.4367,1.0306,37.0N,87.7W,64,198,115,2.4
9547,2018 February 15,2018,20:52:33,71,224,150,P,-1.2116,0.5991,71.0S,0.6E,0,228,,
9548,2018 July 13,2018,03:02:16,71,229,117,P,-1.3542,0.3365,67.9S,127.4E,0,8,,
9549,2018 August 11,2018,09:47:28,71,230,155,P,1.1476,0.7368,70.4N,174.5E,0,321,,
9550,2019 January 6,2019,01:42:38,71,235,122,P,1.1417,0.7145,67.4N,153.6E,0,178,,
9551,2019 July 2,2019,19:24:08,71,241,127,T,-0.6466,1.0459,17.4S,109.0W,50,359,201,4.33
9552,2019 December 26,2019,05:18:53,72,247,132,A,0.4135,0.9701,1.0N,102.3E,66,184,118,3.4
9553,2020 June 21,2020,06:41:15,72,253,137,Am,0.1209,0.994,30.5N,79.7E,83,174,21,0.38
9554,2020 December 14,2020,16:14:39,72,259,142,T,-0.2939,1.0254,40.3S,67.9W,73,10,90,2.1
9555,2021 June 10,2021,10:43:07,72,265,147,A,0.9152,0.9435,80.8N,66.8W,23,90,527,3.51
9556,2021 December 4,2021,07:34:38,73,271,152,T,-0.9526,1.0367,76.8S,46.2W,17,115,419,1.54
9557,2022 April 30,2022,20:42:36,73,276,119,P,-1.1901,0.6396,62.1S,71.5W,0,304,,
9558,2022 October 25,2022,11:01:20,73,282,124,P,1.0701,0.8619,61.6N,77.4E,0,244,,
9559,2023 April 20,2023,04:17:56,73,288,129,H,-0.3952,1.0132,9.6S,125.8E,67,334,49,1.16
9560,2023 October 14,2023,18:00:41,74,294,134,A,0.3753,0.952,11.4N,83.1W,68,208,187,5.17
9561,2024 April 8,2024,18:18:29,74,300,139,T,0.3431,1.0566,25.3N,104.1W,70,149,198,4.28
9562,2024 October 2,2024,18:46:13,74,306,144,A,-0.3509,0.9326,22.0S,114.5W,69,31,266,7.25
9563,2025 March 29,2025,10:48:36,75,312,149,P,1.0405,0.9376,61.1N,77.1W,0,83,,
9564,2025 September 21,2025,19:43:04,75,318,154,P,-1.0651,0.855,60.9S,153.5E,0,89,,
9565,2026 February 17,2026,12:13:06,75,323,121,A,-0.9743,0.963,64.7S,86.8E,12,268,616,2.2
9566,2026 August 12,2026,17:47:06,75,329,126,T,0.8977,1.0386,65.2N,25.2W,26,248,294,2.18
9567,2027 February 6,2027,16:00:48,76,335,131,A,-0.2952,0.9281,31.3S,48.5W,73,334,282,7.51
9568,2027 August 2,2027,10:07:50,76,341,136,T,0.1421,1.079,25.5N,33.2E,82,202,258,6.23
9569,2028 January 26,2028,15:08:59,76,347,141,A,0.3901,0.9208,3.0N,51.5W,67,161,323,10.27
9570,2028 July 22,2028,02:56:40,77,353,146,T,-0.6056,1.056,15.6S,126.7E,53,17,230,5.1
9571,2029 January 14,2029,17:13:48,77,359,151,P,1.0553,0.8714,63.7N,114.2W,0,145,,
9572,2029 June 12,2029,04:06:13,77,364,118,P,1.2943,0.4576,66.8N,66.2W,0,355,,
9573,2029 July 11,2029,15:37:19,77,365,156,P,-1.4191,0.2303,64.3S,85.6W,0,30,,
9574,2029 December 5,2029,15:03:58,77,370,123,P,-1.0609,0.8911,67.5S,135.7E,0,177,,
9575,2030 June 1,2030,06:29:13,78,376,128,A,0.5626,0.9443,56.5N,80.1E,55,176,250,5.21
9576,2030 November 25,2030,06:51:37,78,382,133,T,-0.3867,1.0468,43.6S,71.2E,67,7,169,3.44
9577,2031 May 21,2031,07:16:04,78,388,138,A,-0.197,0.9589,8.9N,71.7E,79,354,152,5.26
9578,2031 November 14,2031,21:07:31,79,394,143,H,0.3078,1.0106,0.6S,137.6W,72,189,38,1.08
9579,2032 May 9,2032,13:26:42,79,400,148,A,-0.9375,0.9957,51.3S,7.1W,20,345,44,0.22
9580,2032 November 3,2032,05:34:13,79,406,153,P,1.0643,0.8554,70.4N,132.6E,0,218,,
9581,2033 March 30,2033,18:02:36,80,411,120,T,0.9778,1.0462,71.3N,155.8W,11,111,781,2.37
9582,2033 September 23,2033,13:54:31,80,417,125,P,-1.1583,0.689,72.2S,121.2W,0,91,,
9583,2034 March 20,2034,10:18:45,80,423,130,T,0.2894,1.0458,16.1N,22.2E,73,162,159,4.09
9584,2034 September 12,2034,16:19:28,81,429,135,A,-0.3936,0.9736,18.2S,72.6W,67,18,102,2.58
9585,2035 March 9,2035,23:05:54,81,435,140,A,-0.4368,0.9919,29.0S,154.9W,64,340,31,0.48
9586,2035 September 2,2035,01:56:46,81,441,145,T,0.3727,1.032,29.1N,158.0E,68,199,116,2.54
9587,2036 February 27,2036,04:46:49,82,447,150,P,-1.1942,0.6286,71.6S,131.4W,0,242,,
9588,2036 July 23,2036,10:32:06,82,452,117,P,-1.425,0.1991,68.9S,3.6E,0,19,,
9589,2036 August 21,2036,17:25:45,82,453,155,P,1.0825,0.8622,71.1N,47.0E,0,309,,
9590,2037 January 16,2037,09:48:55,82,458,122,P,1.1477,0.7049,68.5N,20.8E,0,166,,
9591,2037 July 13,2037,02:40:36,83,464,127,T,-0.7246,1.0413,24.8S,139.1E,43,3,201,3.58
9592,2038 January 5,2038,13:47:11,83,470,132,A,0.4169,0.9728,2.1N,25.4W,65,179,107,3.18
9593,2038 July 2,2038,13:32:55,84,476,137,A,0.0398,0.9911,25.4N,21.9W,88,179,31,1
9594,2038 December 26,2038,01:00:10,84,482,142,T,-0.2881,1.0268,40.3S,164.0E,73,5,95,2.18
9595,2039 June 21,2039,17:12:54,84,488,147,A,0.8312,0.9454,78.9N,102.1W,33,153,365,4.05
9596,2039 December 15,2039,16:23:46,85,494,152,T,-0.9458,1.0356,80.9S,172.8E,18,123,380,1.51
9597,2040 May 11,2040,03:43:02,85,499,119,P,-1.2529,0.5306,62.8S,174.4E,0,313,,
9598,2040 November 4,2040,19:09:02,85,505,124,P,1.0993,0.8074,62.2N,53.4W,0,234,,
9599,2041 April 30,2041,11:52:21,86,511,129,T,-0.4492,1.0189,9.6S,12.2E,63,337,72,1.51
9600,2041 October 25,2041,01:36:22,86,517,134,A,0.4133,0.9467,9.9N,162.9E,66,206,213,6.07
9601,2042 April 20,2042,02:17:30,86,523,139,T,0.2956,1.0614,27.0N,137.3E,73,151,210,4.51
9602,2042 October 14,2042,02:00:42,87,529,144,A,-0.303,0.93,23.7S,137.8E,72,30,273,7.44
9603,2043 April 9,2043,18:57:49,87,535,149,T+,1.0031,1.0095,61.3N,152.0E,0,74,-,-
9604,2043 October 3,2043,03:01:49,88,541,154,A-,-1.0102,0.9497,61.0S,35.3E,0,98,-,-
9605,2044 February 28,2044,20:24:40,88,546,121,As,-0.9954,0.96,62.2S,25.6W,4,260,-,2.27
9606,2044 August 23,2044,01:17:02,88,552,126,T,0.9613,1.0364,64.3N,120.4W,15,264,453,2.04
9607,2045 February 16,2045,23:56:07,89,558,131,A,-0.3125,0.9285,28.3S,166.2W,72,331,281,7.47
9608,2045 August 12,2045,17:42:39,89,564,136,T,0.2116,1.0774,25.9N,78.5W,78,206,256,6.06
9609,2046 February 5,2046,23:06:26,90,570,141,A,0.3765,0.9232,4.8N,171.4W,68,157,310,9.42
9610,2046 August 2,2046,10:21:13,90,576,146,T,-0.535,1.0531,12.7S,15.2E,58,21,206,4.51
9611,2047 January 26,2047,01:33:18,90,582,151,P,1.045,0.8907,62.9N,111.7E,0,135,,
9612,2047 June 23,2047,10:52:31,91,587,118,P,1.3766,0.3129,65.8N,178.0W,0,346,,
9613,2047 July 22,2047,22:36:17,91,588,156,P,-1.3477,0.3604,63.4S,160.2E,0,40,,
9614,2047 December 16,2047,23:50:12,91,593,123,P,-1.0661,0.8816,66.4S,6.6W,0,188,,
9615,2048 June 11,2048,12:58:53,92,599,128,A,0.6468,0.9441,63.7N,11.5W,49,184,272,4.58
9616,2048 December 5,2048,15:35:27,92,605,133,T,-0.3973,1.044,46.1S,56.4W,66,1,160,3.28
9617,2049 May 31,2049,13:59:59,92,611,138,A,-0.1187,0.9631,15.3N,29.9W,83,358,134,4.45
9618,2049 November 25,2049,05:33:48,93,617,143,H,0.2943,1.0057,3.8S,95.2E,73,185,21,0.38
9619,2050 May 20,2050,20:42:50,94,623,148,H,-0.8688,1.0038,40.1S,123.7W,29,352,27,0.21
9620,2050 November 14,2050,13:30:53,95,629,153,P,1.0447,0.8874,69.5N,1.0E,0,206,,
9621,2051 April 11,2051,02:10:39,95,634,120,P,1.0169,0.9849,71.6N,32.2E,0,63,,
9622,2051 October 4,2051,21:02:14,96,640,125,P,-1.2094,0.6024,72.0S,117.7E,0,105,,
9623,2052 March 30,2052,18:31:53,97,646,130,T,0.3238,1.0466,22.4N,102.5W,71,161,164,4.08
9624,2052 September 22,2052,23:39:10,98,652,135,A,-0.448,0.9734,25.7S,175.0E,63,20,106,2.51
9625,2053 March 20,2053,07:08:19,99,658,140,A,-0.4089,0.9919,23.0S,83.0E,66,341,31,0.5
9626,2053 September 12,2053,09:34:09,100,664,145,T,0.314,1.0328,21.5N,41.7E,72,199,116,3.04
9627,2054 March 9,2054,12:33:40,101,670,150,P,-1.1711,0.6678,72.0S,97.9E,0,256,,
9628,2054 August 3,2054,18:04:02,102,675,117,Pe,-1.4941,0.0655,69.8S,121.3W,0,31,,
9629,2054 September 2,2054,01:09:34,102,676,155,P,1.0215,0.9793,71.7N,82.3W,0,296,,
9630,2055 January 27,2055,17:54:05,103,681,122,P,1.155,0.6932,69.5N,112.2W,0,154,,
9631,2055 July 24,2055,09:57:50,104,687,127,T,-0.8012,1.0359,33.3S,25.8E,37,8,202,3.17
9632,2056 January 16,2056,22:16:45,105,693,132,A,0.4199,0.9759,3.9N,153.5W,65,175,95,2.52
9633,2056 July 12,2056,20:21:59,106,699,137,A,-0.0426,0.9878,19.4N,123.7W,88,3,43,1.26
9634,2057 January 5,2057,09:47:52,107,705,142,T,-0.2837,1.0287,39.2S,35.2E,73,359,102,2.29
9635,2057 July 1,2057,23:40:15,108,711,147,A,0.7455,0.9464,71.5N,176.2W,41,177,298,4.23
9636,2057 December 26,2057,01:14:35,109,717,152,T,-0.9405,1.0348,84.9S,21.8E,19,141,355,1.5
9637,2058 May 22,2058,10:39:25,110,722,119,P,-1.3194,0.4141,63.5S,61.1E,0,322,,
9638,2058 June 21,2058,00:19:35,110,723,157,Pb,1.4869,0.126,65.9N,9.9E,0,13,,
9639,2058 November 16,2058,03:23:07,111,728,124,P,1.1224,0.7644,62.9N,174.2E,0,225,,
9640,2059 May 11,2059,19:22:16,112,734,129,T,-0.508,1.0242,10.7S,100.4W,59,340,95,2.23
9641,2059 November 5,2059,09:18:15,113,740,134,A,0.4454,0.9417,8.7N,47.1E,63,203,238,7
9642,2060 April 30,2060,10:10:00,114,746,139,T,0.2422,1.066,28.0N,20.9E,76,154,222,5.15
9643,2060 October 24,2060,09:24:10,115,752,144,A,-0.2625,0.9277,25.8S,28.1E,75,28,281,8.06
9644,2061 April 20,2061,02:56:49,116,758,149,T,0.9578,1.0475,64.5N,59.2E,16,97,559,2.37
9645,2061 October 13,2061,10:32:10,117,764,154,A,-0.9639,0.9469,62.1S,54.4W,15,79,743,3.41
9646,2062 March 11,2062,04:26:16,118,769,121,P,-1.0238,0.9331,61.0S,147.1W,0,263,,
9647,2062 September 3,2062,08:54:27,119,775,126,P,1.0191,0.9749,61.3N,150.3E,0,286,,
9648,2063 February 28,2063,07:43:30,120,781,131,A,-0.336,0.9293,25.2S,77.7E,70,329,280,7.41
9649,2063 August 24,2063,01:22:11,121,787,136,T,0.2771,1.075,25.6N,168.4E,74,209,252,5.49
9650,2064 February 17,2064,07:00:23,122,793,141,A,0.3597,0.9262,7.0N,69.7E,69,154,295,8.56
9651,2064 August 12,2064,17:46:06,123,799,146,T,-0.4652,1.0495,10.9S,96.0W,62,24,184,4.28
9652,2065 February 5,2065,09:52:26,124,805,151,P,1.0336,0.9123,62.2N,21.9W,0,125,,
9653,2065 July 3,2065,17:33:52,125,810,118,P,1.4619,0.1638,64.8N,71.9E,0,336,,
9654,2065 August 2,2065,05:34:17,125,811,156,P,-1.2759,0.4903,62.7S,46.5E,0,49,,
9655,2065 December 27,2065,08:39:56,126,816,123,P,-1.0688,0.8769,65.4S,149.2W,0,198,,
9656,2066 June 22,2066,19:25:48,127,822,128,A,0.733,0.9435,70.1N,96.4W,43,198,309,4.4
9657,2066 December 17,2066,00:23:40,128,828,133,T,-0.4043,1.0416,47.4S,175.8E,66,355,152,3.14
9658,2067 June 11,2067,20:42:26,129,834,138,A,-0.0387,0.967,21.0N,130.2W,88,2,119,4.05
9659,2067 December 6,2067,14:03:43,130,840,143,H,0.2845,1.0011,6.0S,32.4W,74,181,4,0.08
9660,2068 May 31,2068,03:56:39,131,846,148,T,-0.797,1.011,31.0S,123.2E,37,357,63,1.06
9661,2068 November 24,2068,21:32:30,132,852,153,P,1.0299,0.9109,68.5N,131.1W,0,194,,
9662,2069 April 21,2069,10:11:09,133,857,120,P,1.0624,0.8992,71.0N,101.3W,0,50,,
9663,2069 May 20,2069,17:53:18,133,858,158,Pb,-1.4852,0.0879,68.8S,69.9W,0,342,,
9664,2069 October 15,2069,04:19:56,134,863,125,P,-1.2524,0.5298,71.6S,5.5W,0,119,,
9665,2070 April 11,2070,02:36:09,135,869,130,T,0.3652,1.0472,29.1N,135.1E,68,162,168,4.04
9666,2070 October 4,2070,07:08:57,136,875,135,A,-0.495,0.9731,32.8S,60.4E,60,21,110,2.44
9667,2071 March 31,2071,15:01:06,138,881,140,A,-0.3739,0.9919,16.7S,37.0W,68,342,31,0.52
9668,2071 September 23,2071,17:20:28,139,887,145,T,0.262,1.0333,14.2N,76.7W,75,198,116,3.11
9669,2072 March 19,2072,20:10:31,140,893,150,P,-1.1405,0.7199,72.2S,30.4W,0,270,,
9670,2072 September 12,2072,08:59:20,141,899,155,T,0.9655,1.0558,69.8N,102.0E,14,240,732,3.13
9671,2073 February 7,2073,01:55:59,142,904,122,P,1.1651,0.6768,70.5N,114.9E,0,141,,
9672,2073 August 3,2073,17:15:23,143,910,127,T,-0.8763,1.0294,43.2S,89.4W,28,14,206,2.29
9673,2074 January 27,2074,06:44:15,144,916,132,A,0.4251,0.9798,6.6N,78.8E,65,171,79,2.21
9674,2074 July 24,2074,03:10:32,145,922,137,A,-0.1242,0.9838,12.8N,133.7E,83,7,58,1.57
9675,2075 January 16,2075,18:36:04,146,928,142,T,-0.2799,1.0311,37.2S,94.1W,74,354,110,2.42
9676,2075 July 13,2075,06:05:44,147,934,147,A,0.6583,0.9467,63.1N,95.2E,49,186,262,4.45
9677,2076 January 6,2076,10:07:27,148,940,152,T,-0.9373,1.0342,87.2S,173.7W,20,203,340,1.49
9678,2076 June 1,2076,17:31:22,149,945,119,P,-1.3897,0.2897,64.4S,51.2W,0,331,,
9679,2076 July 1,2076,06:50:43,149,946,157,P,1.4005,0.2746,67.0N,98.1W,0,3,,
9680,2076 November 26,2076,11:43:01,150,951,124,P,1.1401,0.7315,63.7N,40.1E,0,215,,
9681,2077 May 22,2077,02:46:05,151,957,129,T,-0.5725,1.029,13.1S,148.3E,55,343,119,2.54
9682,2077 November 15,2077,17:07:56,152,963,134,A,0.4705,0.9371,7.8N,70.8W,62,199,262,7.54
9683,2078 May 11,2078,17:56:55,153,969,139,T,0.1838,1.0701,28.1N,93.7W,79,158,232,5.4
9684,2078 November 4,2078,16:55:44,154,975,144,A,-0.2285,0.9255,27.8S,83.3W,77,25,287,8.29
9685,2079 May 1,2079,10:50:13,155,981,149,T,0.9081,1.0512,66.2N,46.3W,24,108,406,2.55
9686,2079 October 24,2079,18:11:21,156,987,154,A,-0.9243,0.9484,63.4S,160.6W,22,72,495,3.39
9687,2080 March 21,2080,12:20:15,157,992,121,P,-1.0578,0.8734,60.9S,85.9E,0,271,,
9688,2080 September 13,2080,16:38:09,158,998,126,P,1.0723,0.8743,61.1N,25.8E,0,277,,
9689,2081 March 10,2081,15:23:31,159,1004,131,A,-0.3653,0.9304,22.4S,36.7W,68,329,277,7.36
9690,2081 September 3,2081,09:07:31,160,1010,136,T,0.3378,1.072,24.6N,53.6E,70,211,247,5.33
9691,2082 February 27,2082,14:47:00,162,1016,141,A,0.3361,0.9298,9.4N,47.1W,70,152,277,8.12
9692,2082 August 24,2082,01:16:21,163,1022,146,T,-0.4004,1.0452,10.3S,151.8E,66,26,163,4.01
9693,2083 February 16,2083,18:06:36,164,1028,151,P,1.017,0.9433,61.6N,154.1W,0,116,,
9694,2083 July 15,2083,00:14:23,165,1033,118,Pe,1.5465,0.0168,64.0N,37.7W,0,327,,
9695,2083 August 13,2083,12:34:41,165,1034,156,P,-1.2064,0.6146,62.1S,67.5W,0,58,,
9696,2084 January 7,2084,17:30:23,166,1039,123,P,-1.0715,0.8723,64.4S,68.5E,0,209,,
9697,2084 July 3,2084,01:50:26,167,1045,128,A,0.8208,0.9421,75.0N,169.1W,35,222,377,4.25
9698,2084 December 27,2084,09:13:48,168,1051,133,T,-0.4094,1.0396,47.3S,47.7E,66,349,146,3.04
9699,2085 June 22,2085,03:21:16,169,1057,138,A,0.0452,0.9704,26.2N,131.3E,87,186,106,3.29
9700,2085 December 16,2085,22:37:48,170,1063,143,A,0.2786,0.9971,7.3S,160.8W,74,176,10,0.19
9701,2086 June 11,2086,11:07:14,171,1069,148,T,-0.7215,1.0174,23.2S,12.5E,44,2,86,1.48
9702,2086 December 6,2086,05:38:55,172,1075,153,P,1.0194,0.9271,67.4N,96.2E,0,182,,
9703,2087 May 2,2087,18:04:42,173,1080,120,P,1.1139,0.8011,70.3N,127.6E,0,37,,
9704,2087 June 1,2087,01:27:14,173,1081,158,P,-1.4186,0.2146,67.8S,165.4E,0,354,,
9705,2087 October 26,2087,11:46:57,174,1086,125,P,-1.2882,0.4696,71.0S,130.5W,0,132,,
9706,2088 April 21,2088,10:31:49,175,1092,130,T,0.4135,1.0474,36.0N,15.1E,65,163,173,3.58
9707,2088 October 14,2088,14:48:05,177,1098,135,A,-0.5349,0.9727,39.7S,56.0W,57,21,115,2.38
9708,2089 April 10,2089,22:44:42,178,1104,140,A,-0.3319,0.9919,10.2S,154.8W,71,344,30,0.53
9709,2089 October 4,2089,01:15:23,179,1110,145,T,0.2167,1.0333,7.4N,162.8E,77,197,115,3.14
9710,2090 March 31,2090,03:38:08,180,1116,150,P,-1.1028,0.7843,72.1S,156.3W,0,284,,
9711,2090 September 23,2090,16:56:36,181,1122,155,T,0.9157,1.0562,60.7N,40.5W,23,218,463,3.36
9712,2091 February 18,2091,09:54:40,182,1127,122,P,1.1779,0.6558,71.2N,17.8W,0,128,,
9713,2091 August 15,2091,00:34:43,183,1133,127,T,-0.949,1.0216,55.6S,150.5E,18,23,236,1.38
9714,2092 February 7,2092,15:10:20,184,1139,132,A,0.4322,0.984,9.9N,48.7W,64,168,62,1.48
9715,2092 August 3,2092,09:59:33,185,1145,137,A,-0.2044,0.9794,5.6N,30.3E,78,10,75,2.31
9716,2093 January 27,2093,03:22:16,186,1151,142,T,-0.2737,1.034,34.1S,136.4E,74,350,119,2.58
9717,2093 July 23,2093,12:32:04,187,1157,147,A,0.5717,0.9463,54.6N,1.3E,55,191,241,5.11
9718,2094 January 16,2094,18:59:03,189,1163,152,T,-0.9333,1.0342,84.8S,10.6W,21,267,329,1.51
9719,2094 June 13,2094,00:22:11,190,1168,119,P,-1.4613,0.1618,65.3S,163.6W,0,341,,
9720,2094 July 12,2094,13:24:35,190,1169,157,P,1.315,0.4224,68.0N,152.8E,0,352,,
9721,2094 December 7,2094,20:05:56,191,1174,124,P,1.1547,0.7046,64.7N,95.0W,0,205,,
9722,2095 June 2,2095,10:07:40,192,1180,129,T,-0.6396,1.0332,16.7S,37.2E,50,347,145,3.18
9723,2095 November 27,2095,01:02:57,193,1186,134,A,0.4903,0.933,7.2N,169.8E,61,195,285,8.47
9724,2096 May 22,2096,01:37:14,194,1192,139,T,0.1196,1.0737,27.3N,153.4E,83,162,241,6.07
9725,2096 November 15,2096,00:36:15,195,1198,144,A,-0.2018,0.9237,29.7S,163.3E,78,22,294,8.53
9726,2097 May 11,2097,18:34:31,196,1204,149,T,0.8516,1.0538,67.4N,149.5W,31,121,339,3.1
9727,2097 November 4,2097,02:01:25,197,1210,154,A,-0.8926,0.9494,65.8S,86.8E,26,68,411,3.36
9728,2098 April 1,2098,20:02:31,198,1215,121,P,-1.1005,0.7984,61.0S,38.1W,0,280,,
9729,2098 September 25,2098,00:31:16,199,1221,126,P,1.1184,0.7871,61.1N,101.0W,0,268,,
9730,2098 October 24,2098,10:36:11,200,1222,164,Pb,-1.5407,0.0056,61.8S,95.5W,0,116,,
9731,2099 March 21,2099,22:54:32,201,1227,131,A,-0.4016,0.9318,20.0S,149.0W,66,329,275,7.32
9732,2099 September 14,2099,16:57:53,202,1233,136,T,0.3942,1.0684,23.4N,62.8W,67,211,241,5.18
